# Vertices: 4096

v 0.06878018379211426 -0.18603463470935822 -0.09962765872478485
v 0.08807247132062912 -0.2154824137687683 -0.055992040783166885
v 0.31973904371261597 0.1537618339061737 -0.015518114902079105
v -0.1514902412891388 -0.045231789350509644 -0.16445593535900116
v -0.14058902859687805 -0.0023759237956255674 -0.0904797688126564
v -0.026079127565026283 -0.2742544412612915 0.07956982403993607
v -0.14154677093029022 -0.07464040070772171 -0.08946875482797623
v 0.020155007019639015 -0.09817057102918625 -0.1242983341217041
v -0.2647974491119385 -0.247257262468338 -0.048442330211400986
v -0.1530144065618515 -0.03913836553692818 0.09014228731393814
v -0.06479398906230927 -0.0015516988933086395 0.020122108981013298
v 0.034794412553310394 -0.03466254100203514 0.0714918002486229
v -0.14603854715824127 0.09753035008907318 -0.11892727017402649
v -0.20440463721752167 0.13111384212970734 0.103377565741539
v 0.15670202672481537 0.12828439474105835 0.23207823932170868
v -0.11330720782279968 -0.12172064930200577 0.08322864770889282
v -0.3156956136226654 -0.052948687225580215 -0.15594139695167542
v -0.09801433980464935 -0.12395208328962326 0.1297987401485443
v 0.08422531187534332 -0.018161628395318985 0.07573958486318588
v 0.125955730676651 0.003968824166804552 -0.21116195619106293
v 0.23867447674274445 -0.26481321454048157 -0.12487095594406128
v -0.07951562851667404 0.07310314476490021 -0.11246039718389511
v 0.005584341939538717 -0.19611167907714844 -0.021812796592712402
v -0.1942845731973648 -0.021693114191293716 -0.11352142691612244
v 0.03826998919248581 -0.14124895632266998 0.24501606822013855
v 0.11790752410888672 0.061298005282878876 -0.21151499450206757
v 0.19483321905136108 -0.024160942062735558 -0.18838870525360107
v -0.03907748684287071 -0.2597707509994507 0.06250555068254471
v -0.0586593896150589 -0.048108574002981186 -0.07328560948371887
v 0.06558389216661453 -0.05471144616603851 -0.09694033861160278
v 0.17480207979679108 -0.01261094119399786 -0.04330737516283989
v -0.14638225734233856 0.06041387841105461 0.32495906949043274
v 0.009741995483636856 -0.16552338004112244 0.04811474308371544
v -0.12143169343471527 -0.2164163589477539 0.14743366837501526
v -0.2670533061027527 -0.23664377629756927 0.04444843903183937
v 0.16389037668704987 0.09530997276306152 -0.093086838722229
v 0.0030964373145252466 -0.00819986779242754 -0.0366227850317955
v -0.02280346490442753 0.19987741112709045 -0.1952444165945053
v -0.11966942995786667 -0.024275757372379303 0.1847027838230133
v -0.03194425627589226 0.06818320602178574 -0.13797204196453094
v -0.06193775683641434 -0.13615939021110535 -0.11996934562921524
v -0.06367368251085281 -0.0019649500027298927 0.2507205903530121
v -0.05796001851558685 -0.11098106950521469 0.058518342673778534
v 0.11636592447757721 -0.028169065713882446 -0.04011041298508644
v 0.27279385924339294 -0.12692596018314362 -0.19872260093688965
v 0.049347035586833954 -0.3062683343887329 -0.3557969033718109
v 0.14971718192100525 -0.04201214760541916 0.05912267044186592
v -0.2814265191555023 0.22780123353004456 -0.08798952400684357
v -0.007038278505206108 -0.12008217722177505 -0.1949942708015442
v -0.05571901798248291 0.0005920339608564973 0.23798826336860657
v 0.12577012181282043 -0.15173743665218353 -0.03177354112267494
v 0.03285129740834236 -0.25626590847969055 0.01914248801767826
v -0.07679104059934616 -0.20902025699615479 0.010216879658401012
v 0.028921963647007942 0.06801539659500122 -0.07159954309463501
v 0.024711329489946365 0.0660756304860115 -0.086997851729393
v 0.002056129276752472 0.10836391150951385 -0.18873152136802673
v -0.11434809118509293 -0.197628915309906 -0.1427278369665146
v -0.2207297533750534 0.05038534477353096 0.09907300770282745
v 0.04842509329319 0.10848510265350342 -0.16212935745716095
v -0.12603241205215454 0.0371398851275444 0.011386479251086712
v 0.06952091306447983 -0.19098323583602905 -0.3281778395175934
v 0.06493104994297028 0.013125347904860973 -0.048026975244283676
v -0.015015772543847561 -0.07095954567193985 -0.03482674062252045
v 0.060183629393577576 0.10049822926521301 0.09182225912809372
v 0.06033884361386299 -0.14104634523391724 0.006162064615637064
v -0.06668440997600555 -0.14363695681095123 0.18173247575759888
v -0.03485698252916336 0.007259701378643513 0.0027605814393609762
v 0.05582081899046898 -0.021562322974205017 -0.0956849455833435
v 0.12160574644804001 -0.2642861604690552 -0.11709154397249222
v -0.025203382596373558 -0.1558622419834137 0.0431954488158226
v 0.013906880281865597 0.10317985713481903 -0.2581044137477875
v -0.12934164702892303 0.029623968526721 -0.0023530356120318174
v -0.011890399269759655 -0.1905311495065689 -0.03613976761698723
v -0.14245295524597168 0.03887295722961426 0.08623521775007248
v -0.15794634819030762 -0.21007320284843445 0.02187890000641346
v -0.13768529891967773 0.053213536739349365 -0.2040507048368454
v -0.21171274781227112 0.13492415845394135 -0.44094735383987427
v -0.12554581463336945 -0.04098725691437721 0.022036578506231308
v -0.22414647042751312 0.16256485879421234 0.07320176810026169
v 0.08365033566951752 -0.03335552662611008 -0.11336938291788101
v -0.10362870991230011 -0.014826404862105846 0.048330988734960556
v 0.03166862204670906 -0.11078868806362152 0.19156873226165771
v -0.2623542249202728 0.23727987706661224 0.04450811818242073
v -0.12711195647716522 0.025133056566119194 -0.11945439130067825
v -0.15991061925888062 0.13295753300189972 -0.09464272111654282
v 0.19678713381290436 -0.3404916226863861 0.06333483010530472
v -0.13777144253253937 0.12067434191703796 -0.03226945176720619
v -0.02040547877550125 -0.31673604249954224 0.18936768174171448
v 0.14213114976882935 -0.20178474485874176 -0.30653056502342224
v -0.032606109976768494 0.0299583300948143 0.07198882102966309
v 0.09291470050811768 -0.035050928592681885 0.04937724396586418
v -0.010018124245107174 -0.054588962346315384 0.07325109094381332
v -0.03724496066570282 0.39200228452682495 0.2569842040538788
v -0.037531424313783646 0.10879874229431152 -0.09698934108018875
v -0.06402390450239182 0.13872718811035156 0.11093512922525406
v -0.213566392660141 -0.058350205421447754 0.10847534239292145
v -0.17598943412303925 0.31288859248161316 0.012526336126029491
v 0.20470091700553894 0.06232825294137001 -0.1349262148141861
v -0.06511249393224716 -0.021465126425027847 -0.16777026653289795
v -0.017179926857352257 0.15523403882980347 -0.1853434443473816
v 0.005345870275050402 -0.1932063102722168 0.14812204241752625
v -0.19206824898719788 -0.22411759197711945 0.04320453852415085
v -0.22878992557525635 0.23548462986946106 -0.12535491585731506
v 0.09200549125671387 -0.00020499402307905257 0.11692498624324799
v -0.09683465957641602 -0.22927924990653992 0.08395593613386154
v 0.023008009418845177 -0.04546922445297241 0.02236376516520977
v -0.09861300885677338 0.21793805062770844 -0.10533259809017181
v -0.18306539952754974 -0.09991656243801117 -0.4255848526954651
v -0.13686414062976837 0.01756499521434307 0.08541152626276016
v -0.005323728546500206 0.08743563294410706 0.22303135693073273
v -0.16658668220043182 0.05896850675344467 0.10074014216661453
v 0.07107361406087875 -0.167131245136261 -0.15398235619068146
v -0.10254877805709839 0.12195558845996857 0.20508253574371338
v -0.02304701693356037 -0.07546783238649368 0.1334703117609024
v -0.1102876290678978 -0.06310252845287323 0.09875918924808502
v 0.010681145824491978 0.016380490735173225 0.19564269483089447
v -0.1102507933974266 0.057328224182128906 0.023088151589035988
v -0.009035544469952583 -0.2701821029186249 0.0960395410656929
v -0.18100440502166748 0.08320136368274689 -0.19398027658462524
v 0.2767309546470642 -0.07712703198194504 0.11901004612445831
v -0.01358093786984682 0.010235843248665333 0.007128613535314798
v -0.0510944239795208 -0.11492787301540375 -0.19819635152816772
v 0.08890099823474884 0.06645486503839493 -0.06316763907670975
v -0.09950385242700577 0.07079768180847168 0.008153421804308891
v 0.05597063899040222 -0.17048904299736023 -0.17711961269378662
v 0.0018245043465867639 -0.23964358866214752 -0.003179290099069476
v 0.049524858593940735 -0.07531224191188812 -0.22052879631519318
v 0.06936650723218918 -0.07433086633682251 0.12749028205871582
v -0.12600500881671906 -0.13562309741973877 -0.10470237582921982
v -0.128334641456604 0.026238350197672844 0.24153512716293335
v -0.18925142288208008 -0.10685029625892639 -0.13166534900665283
v -0.1271926462650299 0.1949158012866974 0.29078996181488037
v 0.11845918744802475 -0.12460886687040329 0.1623312085866928
v -0.16339606046676636 0.21150386333465576 -0.09906662255525589
v -0.09198319911956787 0.12241200357675552 -0.04444357752799988
v -0.000879857107065618 0.00027905486058443785 0.12996459007263184
v -0.23902899026870728 -0.08972571790218353 0.15035848319530487
v 0.040713824331760406 0.06913559883832932 0.13465304672718048
v 0.08089694380760193 -0.127018541097641 0.014126644469797611
v 0.15031498670578003 -0.17504125833511353 0.22643744945526123
v -0.2512679994106293 0.24831350147724152 0.14261676371097565
v -0.1057622954249382 -0.08327050507068634 -0.22381430864334106
v -0.09676150977611542 -0.07755725085735321 -0.08441773802042007
v -0.06537938863039017 -0.13148349523544312 -0.10083799064159393
v -0.14843109250068665 0.034739166498184204 -0.013774631544947624
v -0.09815043956041336 0.20825205743312836 -0.1550866812467575
v -0.15681615471839905 0.4016692638397217 0.025687018409371376
v -0.15342135727405548 0.06028202921152115 0.010526180267333984
v -0.1952841877937317 0.15372665226459503 -0.06465790420770645
v -0.06202112138271332 -0.027622269466519356 -0.0644306093454361
v 0.2127571702003479 -0.012730329297482967 -0.10767082124948502
v -0.0802215188741684 -0.0046274722553789616 -0.06106195226311684
v 0.02057712711393833 0.11166976392269135 0.3497515320777893
v -0.024409106001257896 0.4191638231277466 0.07138432562351227
v -0.16775180399417877 0.13129012286663055 0.0856861025094986
v -0.05385389178991318 -0.1731773167848587 0.094588503241539
v -0.1645682156085968 0.11210636794567108 0.11017260700464249
v 0.13485611975193024 0.052179981023073196 0.041149530559778214
v -0.08182602375745773 0.12624862790107727 -0.29788392782211304
v -0.07670559734106064 0.014449642039835453 0.06098053976893425
v -0.17362751066684723 0.30469810962677 0.05108258128166199
v -0.21254219114780426 -0.14951889216899872 -0.09921761602163315
v -0.20482982695102692 0.23811249434947968 0.022316431626677513
v -0.2831485867500305 0.017096152529120445 0.014265472069382668
v -0.15678671002388 0.19945953786373138 -0.0038200889248400927
v -0.010128956288099289 -0.30368945002555847 0.037267494946718216
v 0.08189753443002701 0.03427104651927948 -0.031648188829422
v -0.0641883984208107 -0.05742676556110382 0.051793333142995834
v -0.0054245637729763985 0.1232086792588234 0.17275245487689972
v -0.024590903893113136 0.19350463151931763 -0.18727612495422363
v -0.18404152989387512 0.16136111319065094 -0.13918723165988922
v -0.17948482930660248 -0.2108043134212494 -0.1769341379404068
v -0.1318485140800476 -0.023386497050523758 -0.1668369174003601
v -0.06358203291893005 0.040369898080825806 -0.058488279581069946
v -0.07031673192977905 -0.03183848410844803 0.12104552239179611
v 0.1630755215883255 -0.22895413637161255 -0.09268957376480103
v -0.18440000712871552 0.1456388682126999 -0.16756610572338104
v 0.24168527126312256 -0.1612495481967926 0.13533611595630646
v -0.1504308581352234 0.18080012500286102 -0.061913713812828064
v -0.08882138878107071 0.04193100705742836 0.09277038276195526
v -0.14184048771858215 0.1390111893415451 0.11509545892477036
v -0.08554472774267197 -0.15754194557666779 0.12540675699710846
v 0.03596336767077446 -0.08704987913370132 -0.0066267866641283035
v 0.04064730554819107 -0.2460097223520279 -0.17182506620883942
v 0.024488532915711403 -0.091583251953125 0.08668842911720276
v -0.03568181395530701 -0.0038888666313141584 -0.19909648597240448
v -0.1371166706085205 -0.09681334346532822 0.11059360951185226
v 0.08604346215724945 -0.22258982062339783 0.164598748087883
v 0.028297005221247673 0.06306500732898712 0.18982793390750885
v -0.15265226364135742 -0.21852310001850128 0.020617054775357246
v 0.4330003559589386 -0.08459895849227905 -0.032758135348558426
v -0.08397112786769867 0.09302059561014175 -0.2159021645784378
v 0.19105897843837738 -0.11170622706413269 0.07772868871688843
v -0.08318571001291275 0.3158542215824127 0.0068625775165855885
v 0.04027675837278366 -0.0001302967721130699 -0.020348215475678444
v 0.09423714131116867 0.03769315406680107 0.09635663777589798
v 0.16026364266872406 0.07511486113071442 0.13833971321582794
v 0.012848076410591602 0.1389685720205307 -0.11471738666296005
v 0.11033410578966141 -0.20741793513298035 -0.14925003051757812
v -0.17066431045532227 0.36613893508911133 0.02402668073773384
v -0.0754556730389595 -0.003318002913147211 -0.06375879794359207
v 0.08768124878406525 0.02502676099538803 -0.05024576559662819
v -0.36799299716949463 0.0015392479253932834 -0.003472944488748908
v -0.2633134722709656 -0.05508249253034592 -0.050304632633924484
v -0.030106158927083015 0.06641535460948944 0.03604544326663017
v -0.09099157899618149 0.04267300292849541 0.10503227263689041
v -0.032721761614084244 0.06284701824188232 0.10892419517040253
v 0.11070566624403 0.025623029097914696 -0.038236092776060104
v 0.5927886366844177 -0.289894163608551 0.0930425226688385
v -0.18946586549282074 0.1147514060139656 0.03388344869017601
v -0.11100774258375168 0.058359671384096146 0.041312213987112045
v -0.1817430555820465 0.15878552198410034 0.015430023893713951
v -0.1750912219285965 0.28440412878990173 -0.005517751909792423
v -0.06803563237190247 0.143784299492836 -0.04958564043045044
v -0.27703598141670227 0.29478025436401367 0.05514556169509888
v -0.21942977607250214 0.14228783547878265 0.18331857025623322
v -0.13691619038581848 -0.14288942515850067 -0.11666499823331833
v -0.18404780328273773 0.13023169338703156 0.062456101179122925
v 0.2021450400352478 -0.2452433854341507 -0.029360584914684296
v -0.10606976598501205 -0.06737237423658371 -0.12916015088558197
v -0.287914514541626 0.24569982290267944 0.2588203251361847
v -0.27469101548194885 0.19122642278671265 0.011544907465577126
v 0.09408336132764816 -0.020565904676914215 -0.025513658300042152
v -0.09799375385046005 0.0015406261663883924 -0.1837054044008255
v 0.16061757504940033 -0.029015006497502327 -0.1842471957206726
v 0.29995492100715637 -0.16196876764297485 0.12330255657434464
v 0.14696823060512543 -0.11399412155151367 0.21102160215377808
v -0.19231946766376495 -0.16398091614246368 0.032458771020174026
v 0.0935836210846901 -0.05190267786383629 -0.046951062977313995
v 0.10192769765853882 0.19960230588912964 0.21531951427459717
v 0.03097342886030674 -0.16769550740718842 0.03914877027273178
v -0.1290956735610962 0.30007100105285645 0.1404581516981125
v -0.19223222136497498 -0.12165121734142303 -0.09363318234682083
v 0.26835131645202637 -0.09987567365169525 0.017732927575707436
v -0.1462421715259552 -0.1610095202922821 -0.11256763339042664
v -0.06671048700809479 -0.12341423332691193 0.0071128192357718945
v -0.20812439918518066 0.06646344810724258 0.14627733826637268
v -0.12811067700386047 0.09371525049209595 0.012438468635082245
v -0.15640540421009064 0.07725812494754791 0.10269496589899063
v -0.023526206612586975 -0.1984153687953949 -0.0822686180472374
v -0.08115329593420029 0.14298218488693237 0.0960199162364006
v -0.025266854092478752 0.09562810510396957 0.028915321454405785
v -0.08381437510251999 -0.04906156659126282 -0.013956534676253796
v -0.24517682194709778 0.3413741886615753 0.02197626605629921
v 0.07917840033769608 0.01206887885928154 -0.0861077830195427
v -0.05465376749634743 -0.1689932942390442 0.07552564889192581
v -0.3141171336174011 0.23031029105186462 -0.024387167766690254
v 0.15319271385669708 0.029446158558130264 -0.2755463123321533
v -0.2691630721092224 -0.16177082061767578 0.2513313293457031
v 0.020979182794690132 -0.11970344930887222 -0.09510364383459091
v -0.20637823641300201 0.05774993076920509 -0.040127888321876526
v -0.11585439741611481 0.16406561434268951 0.04163641110062599
v -0.15574555099010468 0.07471117377281189 0.007737152278423309
v 0.25663501024246216 -0.12144579738378525 -0.07324434071779251
v -0.1380952149629593 -0.31172943115234375 0.19290195405483246
v 0.12074759602546692 -0.19008032977581024 0.024880971759557724
v -0.057877108454704285 -0.1124754324555397 0.022881416603922844
v 0.0295545756816864 -0.2661318778991699 0.007551633752882481
v 0.03638825938105583 -0.14270120859146118 0.07035458832979202
v 0.10834282636642456 -0.08384379744529724 0.3843602240085602
v 0.1943860501050949 -0.005547946318984032 -0.006787524092942476
v 0.08584067225456238 0.09659317880868912 -0.10633969306945801
v 0.056200575083494186 0.1542624682188034 0.1009409949183464
v -0.19796082377433777 0.03910161554813385 -0.19106364250183105
v 0.1367790549993515 -0.2421901524066925 0.18670447170734406
v 0.2446572482585907 -0.02198653854429722 -0.090723916888237
v -0.06341813504695892 -0.1898823231458664 0.05374620109796524
v -0.010662652552127838 -0.051387201994657516 0.10149568319320679
v -0.19474181532859802 0.206109881401062 0.12612128257751465
v 0.08280164003372192 0.18483906984329224 -0.29161444306373596
v 0.0732082650065422 -0.11383326351642609 -0.052971936762332916
v 0.11398936063051224 -0.12011547386646271 -0.16696803271770477
v 0.05759049206972122 -0.08615460991859436 -0.08871256560087204
v -0.02254168689250946 -0.2308398187160492 -0.19649915397167206
v -0.14218296110630035 0.3030385375022888 -0.12429961562156677
v 0.1861378699541092 -0.0815889909863472 0.10733164101839066
v 0.10763014107942581 0.06145588308572769 0.05873608961701393
v 0.08613515645265579 -0.17769144475460052 -0.11317100375890732
v -0.22995544970035553 0.2181103527545929 0.007690879981964827
v 0.18097665905952454 -0.16741356253623962 0.1278078854084015
v 0.2057732790708542 -0.16761717200279236 -0.004113775212317705
v -0.10408058017492294 -0.12465140223503113 0.2005259394645691
v 0.10535401105880737 -0.16564026474952698 0.13951747119426727
v -0.10574284940958023 0.07163731753826141 0.050489768385887146
v -0.20745129883289337 0.1758786141872406 -0.1436809003353119
v -0.1939646601676941 0.27884402871131897 -0.07194742560386658
v -0.035362955182790756 -0.054359082132577896 -0.018312616273760796
v 0.029017677530646324 -0.40354421734809875 0.2013832926750183
v 0.009164892137050629 -0.06224464997649193 -0.2994498014450073
v 0.2614991068840027 -0.0642927959561348 0.10900364071130753
v -0.09847044944763184 0.026280997321009636 0.10603710263967514
v -0.030802302062511444 0.12813833355903625 -0.05493434891104698
v -0.09508128464221954 0.1268547773361206 -0.018653953447937965
v 0.13533438742160797 -0.04466976225376129 0.2832449972629547
v -0.0899743065237999 -0.011378108523786068 -0.14679193496704102
v -0.05509570986032486 -0.16538289189338684 0.01800443045794964
v -0.04115348681807518 0.1757439225912094 0.3863160312175751
v 0.039040807634592056 -0.2973959445953369 0.03300686180591583
v -0.016667839139699936 -0.297333687543869 -0.1947697103023529
v 0.12865053117275238 -0.016568699851632118 -0.18936803936958313
v -0.12808701395988464 0.2846813201904297 -0.2808620035648346
v 0.07175556570291519 0.07147016376256943 -0.10538016259670258
v -0.17733986675739288 0.2320302128791809 -0.08815940469503403
v -0.2335444837808609 0.04367576912045479 0.11743766069412231
v 0.041287943720817566 -0.14672191441059113 -0.08927720785140991
v 0.09517809003591537 -0.14019431173801422 0.08762578666210175
v -0.06930647790431976 -0.17029327154159546 0.08324801176786423
v -0.21594472229480743 0.07181280851364136 -0.04005220904946327
v -0.2036079615354538 0.11158350110054016 0.0019734366796910763
v -0.18470676243305206 -0.0033237887546420097 -0.05431768670678139
v -0.21534579992294312 0.08376599848270416 0.0004537530767265707
v 0.01351342722773552 -0.2957932651042938 0.160435289144516
v -0.0778912752866745 -0.27100005745887756 0.08390212059020996
v -0.03514241799712181 0.030776558443903923 0.031055137515068054
v -0.07943841069936752 0.11950686573982239 0.19419248402118683
v 0.04277243837714195 -0.07144004106521606 0.14436742663383484
v 0.08533267676830292 -0.2000255286693573 0.1040792390704155
v -0.1161406859755516 0.18826083838939667 -0.0632806271314621
v -0.29675528407096863 0.0830511599779129 0.0849059447646141
v -0.05259561911225319 0.005719099659472704 -0.04363076388835907
v -0.25742456316947937 -0.10259179025888443 -0.16020525991916656
v -0.03150717169046402 0.0643710270524025 -0.092721126973629
v -0.1652933955192566 0.15366928279399872 -0.14818403124809265
v -0.504361629486084 0.3500366508960724 0.18431910872459412
v 0.03757917881011963 -0.3120157718658447 0.055284228175878525
v -0.016540974378585815 -0.22999614477157593 0.18583063781261444
v 0.13788218796253204 0.02567971497774124 0.05979342758655548
v -0.20071370899677277 0.34015241265296936 0.08026283979415894
v 0.11649585515260696 -0.031210940331220627 0.1604996621608734
v -0.07947025448083878 -0.1539619415998459 0.07096758484840393
v 0.1648140400648117 -0.11416120827198029 0.03678211569786072
v -0.12136901915073395 -0.019293472170829773 0.06184202432632446
v -0.04415813833475113 0.02234591916203499 0.1794234663248062
v -0.1508628875017166 -0.10084309428930283 0.0384080670773983
v -0.17157261073589325 0.04188523069024086 -0.04064648970961571
v -0.18839317560195923 -0.01674896851181984 -0.02707752212882042
v 0.04636497050523758 -0.16038843989372253 0.2696496844291687
v 0.1223779246211052 0.08774720132350922 -0.11957593262195587
v 0.1267138421535492 0.2327774167060852 0.14468178153038025
v 0.11318203806877136 -0.07644746452569962 0.11547758430242538
v -0.23296646773815155 0.14393648505210876 -0.17671260237693787
v 0.1349058747291565 -0.1738312691450119 0.1348705291748047
v -0.2010553777217865 -0.028545882552862167 0.11243000626564026
v -0.12781251966953278 -0.18464568257331848 0.17317642271518707
v -0.14995941519737244 -0.20203298330307007 0.1687174141407013
v 0.06358198821544647 0.014738457277417183 0.12151246517896652
v -0.2357107251882553 0.03512439876794815 -0.09931665658950806
v -0.14288999140262604 0.2802889049053192 -0.10878710448741913
v 0.02253907360136509 -0.12156887352466583 0.06628799438476562
v 0.07051998376846313 -0.23740437626838684 -0.15605522692203522
v -0.15004399418830872 -0.08663225173950195 0.16513130068778992
v -0.07223087549209595 0.10205767303705215 0.13424818217754364
v -0.1138448640704155 -0.03342275694012642 0.24867144227027893
v 0.09194140136241913 0.15468811988830566 0.050867434591054916
v -0.16219495236873627 -0.16041171550750732 -0.11050213128328323
v -0.036189399659633636 0.21169385313987732 0.13441084325313568
v -0.09423168003559113 0.001151894684880972 0.12226008623838425
v -0.018772639334201813 0.007022871170192957 0.02930767834186554
v -0.2826186716556549 0.43379902839660645 0.17174838483333588
v -0.15498417615890503 0.017596259713172913 -0.05251963436603546
v 0.1121484637260437 -0.0255763940513134 0.07256849855184555
v 0.23700755834579468 0.1168040931224823 0.21706004440784454
v -0.18658298254013062 0.19156260788440704 0.009939825162291527
v 0.04338916763663292 -0.1649869680404663 0.09063755720853806
v 0.11176279932260513 -0.0488164946436882 -0.004960458725690842
v -0.09581998735666275 0.0539470873773098 0.23770350217819214
v -0.18728968501091003 0.06257429718971252 0.11410870403051376
v -0.07556003332138062 -0.0007940517389215529 0.02684173732995987
v -0.13637231290340424 -0.07972679287195206 -0.15531063079833984
v -0.10093966871500015 0.03279973566532135 -0.0758301317691803
v -0.15153083205223083 -0.1761392503976822 0.24786871671676636
v -0.01954849623143673 0.09021766483783722 0.32159748673439026
v -0.03502092882990837 -0.1396980732679367 0.1299799233675003
v -0.0023782653734087944 -0.040723636746406555 -0.10746156424283981
v -0.13323485851287842 -0.16822807490825653 -0.03513885289430618
v -0.09978753328323364 -0.057835254818201065 -0.014063447713851929
v -0.26697543263435364 -0.059863802045583725 0.06341756135225296
v -0.05397014319896698 -0.20974884927272797 0.012526181526482105
v -0.16193793714046478 0.37849342823028564 0.08366909623146057
v 0.03052648901939392 0.2556397020816803 0.09068626910448074
v -0.05634329840540886 -0.3066829442977905 0.06076023355126381
v 0.07555832713842392 -0.07945369184017181 -0.013460323214530945
v -0.166691854596138 0.04537121579051018 0.0820125862956047
v -0.017104560509324074 0.09912030398845673 -0.21155163645744324
v -0.06038117781281471 -0.04343580827116966 0.18765151500701904
v -0.1774374097585678 -0.15637172758579254 0.41478651762008667
v 0.10513921082019806 -0.10947857797145844 -0.07835815846920013
v -0.19575603306293488 0.0627593994140625 -0.07037897408008575
v 0.06542278826236725 0.10295728594064713 -0.2025379240512848
v 0.09070456027984619 -0.10928363353013992 0.078630730509758
v -0.0627850815653801 -0.18892782926559448 0.09078548848628998
v 0.36797329783439636 0.010401932522654533 -0.08162295818328857
v -0.02599264495074749 -0.051701467484235764 -0.12575876712799072
v -0.060834500938653946 0.20502063632011414 -0.09225225448608398
v 0.05280914157629013 -0.01601695455610752 -0.13083487749099731
v -0.033576756715774536 0.14432679116725922 -0.07091312855482101
v -0.23534998297691345 0.30260834097862244 0.09869557619094849
v -0.15106216073036194 -0.06945042312145233 0.09018076211214066
v -0.27399396896362305 -0.06361636519432068 -0.14475764334201813
v -0.07131409645080566 0.08866368234157562 -0.14728575944900513
v -0.04074190929532051 -0.21556176245212555 -0.11350477486848831
v -0.04417533800005913 -0.12550371885299683 -0.004563504830002785
v 0.15577353537082672 0.22410286962985992 0.2067267745733261
v -0.02646343596279621 -0.1560460478067398 0.12671081721782684
v 0.2706092298030853 -0.1649996042251587 0.04980393126606941
v -0.17230439186096191 0.18497569859027863 -0.2118680328130722
v 0.11619123071432114 0.09746013581752777 0.12039125710725784
v -0.1080106869339943 -0.15505242347717285 -0.18583008646965027
v -0.06026004999876022 -0.08832576870918274 -0.03908097371459007
v 0.11634112149477005 0.058988284319639206 0.23410965502262115
v -0.008432028815150261 0.08176791667938232 0.015221771784126759
v -0.08444100618362427 -0.12855257093906403 -0.05537004768848419
v 0.06888065487146378 -0.07358463853597641 -0.20052026212215424
v -0.16632744669914246 -0.012188796885311604 0.23012971878051758
v 0.044090572744607925 0.005111789796501398 -0.056991614401340485
v 0.0004718968702945858 -0.021656250581145287 0.1288595050573349
v -0.1811140924692154 0.07925225794315338 -0.1298484355211258
v -0.17726007103919983 0.19061939418315887 -0.14580638706684113
v 0.04588904604315758 -0.07929689437150955 -0.05891609191894531
v -0.16926653683185577 0.3614237904548645 -0.021565428003668785
v -0.1205393597483635 -0.06011230871081352 -0.09718677401542664
v 0.04445172846317291 -0.22407382726669312 -0.007031592540442944
v 0.11857979744672775 -0.3438125550746918 0.04767943546175957
v -0.016098497435450554 -0.118907131254673 0.12048038095235825
v -0.24760615825653076 -0.12627246975898743 0.06768344342708588
v -0.22069011628627777 -0.19553396105766296 0.13795612752437592
v 0.20354051887989044 0.057738739997148514 0.1873043030500412
v 0.1769370287656784 0.10251718014478683 -0.07410814613103867
v 0.2662605047225952 -0.016383130103349686 -0.08117883652448654
v -0.0381556861102581 -0.26569533348083496 -0.2028319239616394
v -0.12824274599552155 0.35164543986320496 -0.07614540308713913
v -0.19013665616512299 -0.016961632296442986 0.2032546103000641
v 0.14428071677684784 -0.16745421290397644 0.1880701184272766
v 0.13075247406959534 -0.06782471388578415 -0.08588012307882309
v 0.03590678051114082 -0.16649076342582703 -0.10695280134677887
v -0.15894711017608643 -0.07366319000720978 -0.13239525258541107
v 0.2206028401851654 0.3107434809207916 -0.03398199379444122
v -0.1759394109249115 0.0692882314324379 0.238026425242424
v -0.0012159402249380946 -0.2848798334598541 0.10628686100244522
v 0.2744116187095642 -0.21864250302314758 0.0015984212514013052
v -0.2336229383945465 0.13076667487621307 0.0442524179816246
v -0.11219539493322372 -0.045551832765340805 0.08809920400381088
v 0.009823499247431755 -0.271858811378479 0.061783261597156525
v 0.017137594521045685 -0.05655648931860924 0.11901520937681198
v 0.11781781911849976 -0.20574235916137695 0.09868285059928894
v -0.05552072823047638 0.040570832788944244 -0.09679514914751053
v -0.26737695932388306 0.13581061363220215 -0.019810611382126808
v -0.04700269550085068 0.12638723850250244 0.07960805296897888
v -0.20919661223888397 0.05196628347039223 0.0997437909245491
v 0.10909593850374222 -0.10095307976007462 -0.18849077820777893
v -0.08931085467338562 0.026007000356912613 0.04519288241863251
v 0.15848763287067413 -0.13864398002624512 -0.19359952211380005
v -0.06295248866081238 -0.19017565250396729 0.020934151485562325
v -0.2057155817747116 0.23147937655448914 0.306903213262558
v -0.007952316664159298 0.2959307134151459 0.09100846201181412
v -0.08088894188404083 -0.018189895898103714 0.2149655669927597
v 0.011905009858310223 0.18149763345718384 0.2006920725107193
v -0.07600434869527817 -0.07190153002738953 -0.19038210809230804
v 0.07237830758094788 0.07907700538635254 -0.04655807465314865
v -0.004380541387945414 0.10087386518716812 0.19463777542114258
v -0.07382116466760635 -0.2649949789047241 -0.019710391759872437
v -0.0923510268330574 0.13467027246952057 0.015274127945303917
v 0.042828626930713654 -0.0960477888584137 -0.16026459634304047
v -0.01951748877763748 0.08144813030958176 0.1235988661646843
v -0.28684374690055847 -0.13298512995243073 0.13475030660629272
v 0.10587387531995773 -0.12270862609148026 0.1270086169242859
v 0.019973337650299072 0.06304986774921417 -0.0947001725435257
v 0.10705981403589249 -0.18004253506660461 0.009962225332856178
v -0.1911725103855133 -0.2401929795742035 -0.19073034822940826
v 0.05126764997839928 0.019069811329245567 -0.14440523087978363
v 0.028015339747071266 0.03675687313079834 0.11075856536626816
v -0.014784509316086769 -0.11485754698514938 -0.10758301615715027
v 0.25461545586586 0.06952592730522156 0.10386886447668076
v -0.16102516651153564 0.33673661947250366 -0.06632836908102036
v 0.22344918549060822 -0.2081020325422287 0.11607027798891068
v 0.07519105076789856 -0.45856040716171265 -0.046830251812934875
v 0.09617065638303757 0.02268359623849392 -0.009019982069730759
v -0.09952618926763535 0.058801330626010895 0.1484067589044571
v 0.12385804206132889 0.10464610904455185 -0.09654279798269272
v -0.06725147366523743 -0.06788686662912369 0.11253362894058228
v -0.2641681432723999 -0.039352625608444214 -0.1704462468624115
v 0.1571790724992752 -0.2893249988555908 0.18475012481212616
v 0.18530131876468658 -0.06840433925390244 0.12700918316841125
v 0.09582561999559402 -0.06774526089429855 0.03396572545170784
v -0.15520289540290833 0.06193551793694496 0.12248343229293823
v -0.08484145998954773 0.11914218962192535 -0.06117947772145271
v -0.07443032413721085 -0.0015798037638887763 -0.06363525986671448
v 0.015031564049422741 -0.04452872648835182 -0.1207210123538971
v -0.17296971380710602 0.26549383997917175 0.060612183064222336
v -0.27207931876182556 0.10278584808111191 0.031902167946100235
v 0.11639825254678726 -0.11172129213809967 0.18582630157470703
v -0.1558796614408493 0.10522313416004181 0.1918831616640091
v -0.1709827035665512 0.18975505232810974 0.10481879860162735
v -0.0975298061966896 -0.12560050189495087 -0.09259369969367981
v -0.013547594659030437 -0.14721329510211945 -0.2763499617576599
v 0.01474734302610159 0.1401570737361908 0.1268920749425888
v -0.1632930189371109 -0.039180003106594086 -0.05335327610373497
v 0.1705745905637741 -0.014707369729876518 0.02685772068798542
v 0.023772135376930237 0.13477575778961182 -0.18819916248321533
v -0.24178114533424377 0.17295944690704346 0.12147196382284164
v 0.1725941002368927 -0.06736056506633759 -0.055405355989933014
v 0.09702861309051514 0.06612291187047958 -0.1676342487335205
v -0.11478091031312943 0.20433975756168365 0.10004429519176483
v -0.17938080430030823 0.03799203783273697 0.16187220811843872
v -0.29510343074798584 0.10370203852653503 0.03683102875947952
v -0.1347537338733673 -0.02343328855931759 0.033721063286066055
v -0.18441328406333923 0.08863100409507751 0.07470763474702835
v -0.12586262822151184 0.04396401345729828 0.038883548229932785
v -0.2100566327571869 0.15045645833015442 -0.17042621970176697
v -0.14582937955856323 -0.1323034018278122 -0.08672493696212769
v 0.18946333229541779 -0.08713094890117645 -0.24587920308113098
v 0.3333449959754944 -0.17056921124458313 0.05922013148665428
v -0.1449684500694275 0.20095884799957275 -0.07548914849758148
v 0.007206942420452833 -0.03923879936337471 -0.029560139402747154
v -0.14387555420398712 0.13193894922733307 0.04134035110473633
v 0.12713338434696198 -0.11985405534505844 0.06702301651239395
v 0.0034996713511645794 -0.11415456235408783 -0.05274853855371475
v 0.06828124076128006 -0.210557758808136 0.10474175959825516
v -0.0024734819307923317 0.24270182847976685 -0.006782166659832001
v -0.0893900915980339 0.07776647061109543 0.15066608786582947
v 0.09237051010131836 -0.051896318793296814 -0.05057727172970772
v -0.07235448062419891 -0.002374958712607622 -0.09591613709926605
v 0.06728532165288925 -0.09114383161067963 -0.1396278589963913
v -0.10889840871095657 -0.08387687802314758 0.020213047042489052
v -0.05830879881978035 -0.040467750281095505 -0.12161777168512344
v -0.10402055829763412 0.09694503247737885 -0.19482196867465973
v -0.10240242630243301 0.1682160496711731 0.10396476835012436
v -0.054386403411626816 0.07363606989383698 0.08880382776260376
v 0.11478487402200699 -0.20661979913711548 0.1350727677345276
v -0.1473006010055542 0.13738475739955902 -0.2516188323497772
v 0.10069812834262848 0.12427524477243423 0.021891256794333458
v -0.2502785325050354 0.37192973494529724 -0.04411669448018074
v -0.1278143972158432 0.18721126019954681 0.10456303507089615
v 0.19119542837142944 -0.1145220622420311 -0.19616591930389404
v 0.11381439864635468 -0.15375418961048126 -0.08142390102148056
v 0.07630006968975067 -0.05340297147631645 0.2564747631549835
v 0.08638828247785568 0.06719651818275452 -0.10381386429071426
v -0.2401198297739029 -0.06820011138916016 0.04268758371472359
v -0.13205832242965698 0.25618240237236023 0.04719437658786774
v -0.16581903398036957 -0.0034759007394313812 -0.014558844268321991
v 0.04940914362668991 -0.029235996305942535 0.0672074407339096
v 0.050499044358730316 0.06478358805179596 0.19071060419082642
v -0.023475874215364456 0.008242755196988583 -0.11831889301538467
v 0.09444929659366608 -0.06574777513742447 0.08816920965909958
v 0.012866024859249592 -0.048491980880498886 -0.14362004399299622
v -0.12010875344276428 0.319059282541275 0.0534234456717968
v 0.18758876621723175 -0.24246516823768616 0.23591159284114838
v 0.09759346395730972 -0.10610704869031906 0.24894213676452637
v 0.013579508289694786 -0.028053561225533485 -0.30358508229255676
v -0.07679829001426697 -0.018804440274834633 -0.015969522297382355
v 0.1457156389951706 0.07460154592990875 -0.02480105683207512
v -0.20807230472564697 0.10205376148223877 -0.027228185907006264
v -0.1727326661348343 0.09474867582321167 -0.07113286107778549
v -0.05550786852836609 -0.15555641055107117 0.016174793243408203
v -0.14766356348991394 0.3228760361671448 0.012400750070810318
v 0.12893225252628326 0.118889719247818 0.040857791900634766
v 0.142553448677063 -0.18484139442443848 -0.050698526203632355
v -0.041311852633953094 -0.26660725474357605 0.17334690690040588
v -0.22666476666927338 0.07469464093446732 -0.01460499968379736
v -0.14349082112312317 -0.03909935802221298 -0.32915225625038147
v -0.15532860159873962 0.16679911315441132 0.012570582330226898
v -0.13854211568832397 -0.16864755749702454 0.13904431462287903
v -0.22266067564487457 0.4142610728740692 -0.20078858733177185
v -0.0025257966481149197 -0.04442083463072777 0.009277605451643467
v 0.07560934126377106 0.03388376161456108 0.020510340109467506
v -0.10180296748876572 0.16914594173431396 -0.08671323210000992
v -0.2223787158727646 0.2790103852748871 0.12765799462795258
v 0.30752965807914734 -0.26785004138946533 -0.07947469502687454
v -0.3287253975868225 0.1301179975271225 -0.13934890925884247
v 0.02345452271401882 0.0010116694029420614 0.042669374495744705
v 0.04548541456460953 -0.11726284772157669 -0.15834811329841614
v -0.10537754744291306 0.345258891582489 0.02893918938934803
v -0.1755160093307495 0.26158034801483154 0.002162670250982046
v 0.14047645032405853 -0.06439245492219925 0.05587613582611084
v -0.08044962584972382 0.17011360824108124 0.015065820887684822
v -0.06464921683073044 0.03257577866315842 -0.002724746474996209
v -0.1138664111495018 -0.016280168667435646 0.11774986237287521
v -0.21064521372318268 0.08031467348337173 0.113118477165699
v -0.06931321322917938 -0.14574484527111053 -0.17141535878181458
v -0.13400186598300934 0.09953157603740692 0.21760520339012146
v -0.032707128673791885 -0.07843558490276337 0.15279756486415863
v 0.07222085446119308 0.022943055257201195 -0.043975796550512314
v 0.05275540053844452 0.26800504326820374 0.24568702280521393
v -0.05786454677581787 -0.06471075117588043 -0.08961620926856995
v -0.10844053328037262 0.12051989138126373 0.11945684999227524
v 0.04064143821597099 0.1081208735704422 0.030110351741313934
v -0.13785822689533234 0.03288361057639122 -0.008843415416777134
v -0.1944252997636795 0.27228158712387085 0.0370609313249588
v -0.3097386658191681 -0.17391185462474823 0.04523439332842827
v -0.1355554461479187 -0.1269763559103012 -0.14405149221420288
v -0.08828043937683105 0.12120433151721954 -0.06221817433834076
v -0.1069488450884819 0.27767297625541687 -0.1324165016412735
v -0.1568143218755722 0.20949578285217285 -0.13984040915966034
v 0.16738584637641907 -0.24486574530601501 0.016919953748583794
v 0.30921149253845215 -0.07976321876049042 -0.01885790377855301
v -0.12357142567634583 0.028647834435105324 -0.08394034951925278
v -0.12228810042142868 0.2806949317455292 -0.08386734127998352
v -0.019050799310207367 -0.0449957549571991 -0.008571114391088486
v -0.25120577216148376 -0.04584460332989693 0.05333205312490463
v -0.002732297405600548 -0.05093611031770706 0.07267840951681137
v 0.16813541948795319 -0.1753188967704773 0.15103042125701904
v -0.12775294482707977 0.037934400141239166 0.12330425530672073
v 0.09132256358861923 0.07613972574472427 0.16110378503799438
v -0.1110415980219841 0.10361576080322266 -0.038455937057733536
v 0.0908268541097641 -0.009499842301011086 0.2929328680038452
v -0.2620731592178345 0.23971565067768097 0.3452685475349426
v 0.05063385143876076 0.13410083949565887 -0.17711295187473297
v -0.1379164457321167 0.08117514848709106 0.26879850029945374
v -0.150177463889122 0.02910568378865719 0.17974697053432465
v -0.07713451981544495 0.240141823887825 0.07809338718652725
v -0.18842485547065735 0.009906727820634842 -0.09758427739143372
v -0.15242354571819305 0.2614409625530243 0.3304750919342041
v -0.08325151354074478 0.036454860121011734 0.03229930251836777
v -0.19952234625816345 0.30674120783805847 0.05258520320057869
v -0.07995127141475677 0.008216392248868942 -0.08132223039865494
v -0.18219654262065887 -0.09999486058950424 0.14320425689220428
v -0.18963377177715302 0.11081170290708542 0.0019175936467945576
v 0.07299179583787918 0.08673451840877533 0.04743713513016701
v -0.19954150915145874 -0.22234565019607544 -0.16791832447052002
v -0.1858174055814743 0.09598653763532639 -0.033647794276475906
v 0.12555837631225586 -0.06285392493009567 0.2970835268497467
v 0.23206643760204315 0.01301273237913847 -0.0007364654447883368
v -0.16917937994003296 -0.290860116481781 0.09810090065002441
v -0.2115672528743744 -0.2976832985877991 0.16218705475330353
v 0.11351123452186584 -0.0348779521882534 0.05641930550336838
v 0.06847348809242249 -0.07912710309028625 -0.03513496369123459
v -0.053055379539728165 0.03335903212428093 -0.13355116546154022
v -0.14608556032180786 0.09589198976755142 0.11404064297676086
v 0.10047406703233719 -0.21484142541885376 -0.10499906539916992
v -0.1873050183057785 -0.3122765123844147 0.13927021622657776
v -0.2152554988861084 -0.020503127947449684 0.15036459267139435
v 0.10835683345794678 -0.040100764483213425 0.14116613566875458
v -0.0675511583685875 0.04551670700311661 -0.11609592288732529
v -0.03714245557785034 -0.10154689848423004 -0.25397634506225586
v -0.24306772649288177 0.17604799568653107 0.0319264754652977
v -0.02958686836063862 0.09444021433591843 0.24384360015392303
v -0.06966451555490494 0.04792211204767227 -0.12016049772500992
v -0.11199046671390533 -0.24700485169887543 -0.07918943464756012
v -0.0774763971567154 -0.05263180285692215 -0.010856207460165024
v -0.23344698548316956 0.0414334200322628 0.08353794366121292
v 0.12791962921619415 -0.1138538122177124 -0.09380520135164261
v 0.20559294521808624 -0.17825454473495483 0.22596579790115356
v -0.14504824578762054 -0.0006751369801349938 -0.1912437528371811
v -0.1667538285255432 -0.07483860105276108 0.06105640158057213
v -0.03687696158885956 0.14225327968597412 0.267738401889801
v 0.11108580976724625 -0.07096201926469803 -0.03954562172293663
v 0.002353187184780836 -0.002514384686946869 0.058463554829359055
v 0.15071405470371246 0.004504861310124397 -0.1298905611038208
v -0.06883914023637772 0.12513001263141632 0.09706144034862518
v 0.04384594038128853 -0.01311806496232748 0.16536730527877808
v -0.164658784866333 0.1598658263683319 -0.07208654284477234
v 0.050655547529459 -0.3197028636932373 -0.36944568157196045
v 0.014742843806743622 0.27363353967666626 -0.17818224430084229
v -0.23822322487831116 0.4045035243034363 0.07744573801755905
v 0.1960565149784088 0.007047120947390795 -0.002631721319630742
v 0.1666814386844635 -0.20142991840839386 0.2778097689151764
v -0.062124282121658325 0.10807684063911438 0.10638930648565292
v -0.1267809122800827 -0.1379999816417694 -0.041207000613212585
v 0.04596782848238945 0.04470745474100113 -0.005017551593482494
v -0.17923390865325928 -0.044989876449108124 0.27300822734832764
v -0.23971518874168396 -0.11461452394723892 -0.020868947729468346
v 0.19358818233013153 -0.04520336911082268 -0.10495302826166153
v -0.13111963868141174 0.02549847960472107 -0.14695023000240326
v 0.1700761765241623 -0.10505951941013336 0.07723706215620041
v -0.08915365487337112 0.07752172648906708 0.026007723063230515
v 0.04165082424879074 0.15127047896385193 -0.027584457769989967
v 0.10967640578746796 -0.09837988018989563 -0.09472578018903732
v 0.05885143205523491 0.08166284114122391 -0.01771407760679722
v -0.09469810128211975 0.09175794571638107 -0.059058211743831635
v -0.09920384734869003 0.08730777353048325 -0.17499689757823944
v 0.038383226841688156 -0.3616407513618469 -0.027351656928658485
v 0.3959800601005554 -0.008791999891400337 0.050189681351184845
v 0.0483069121837616 -0.17779725790023804 -0.0602770559489727
v 0.06894008070230484 0.04749572277069092 0.0677310973405838
v -0.00930597074329853 0.08137225359678268 -0.09663286805152893
v 0.07407564669847488 -0.002905498957261443 -0.1267976462841034
v 0.37334805727005005 -0.15859369933605194 -0.021982843056321144
v -0.04703168570995331 0.026644330471754074 0.12082932144403458
v -0.17489168047904968 0.31878480315208435 0.0020436716731637716
v -0.06926532089710236 0.10321731865406036 -0.04846123233437538
v -0.14064571261405945 0.02772451378405094 -0.01391720212996006
v -0.08138994872570038 0.13743433356285095 0.03591986745595932
v -0.12926854193210602 0.15439331531524658 -0.14849935472011566
v -0.13249649107456207 0.2101345956325531 -0.04064473509788513
v 0.06310807913541794 0.05764857307076454 0.008461931720376015
v 0.02830655127763748 -0.05574459210038185 0.2513241767883301
v -0.023238571360707283 -0.0730801671743393 0.005539991892874241
v -0.2457413524389267 0.06791616976261139 -0.019715869799256325
v 0.1790565401315689 -0.38944604992866516 -0.17318616807460785
v 0.028016235679388046 0.06207067891955376 -0.05809557065367699
v 0.05644955858588219 0.06195163354277611 0.35398805141448975
v 0.07736414670944214 -0.0716598629951477 0.052804939448833466
v -0.019137369468808174 0.00599991949275136 -0.1279146820306778
v -0.14578312635421753 0.1336328387260437 -0.2536132037639618
v -0.11532564461231232 0.005706374067813158 -0.1320393830537796
v 0.016235485672950745 -0.0918993353843689 -0.04372117295861244
v -0.20424050092697144 0.18507470190525055 0.029543068259954453
v -0.204301655292511 0.02930283732712269 -0.03477204963564873
v -0.16426120698451996 -0.005939684808254242 -0.09978169202804565
v 0.1404966562986374 0.06215161457657814 0.12714004516601562
v -0.13585466146469116 0.2575167119503021 -0.20813360810279846
v -0.1459832787513733 0.31122905015945435 -0.02082015573978424
v 0.019675524905323982 -0.1303994208574295 -0.06981778889894485
v -0.15305234491825104 0.04799503833055496 0.08048775047063828
v -0.15419955551624298 -0.03173445165157318 -0.15981534123420715
v -0.06197446584701538 -0.12159645557403564 0.2833697497844696
v -0.12257301807403564 -0.11524712294340134 0.13611744344234467
v -0.0789683610200882 0.018017984926700592 -0.22830431163311005
v -0.14067988097667694 0.1165953129529953 0.05337255075573921
v -0.09854689985513687 -0.11734270304441452 -0.05504777282476425
v 0.12620164453983307 -0.016108615323901176 -0.21896588802337646
v -0.14658313989639282 0.007862656377255917 0.11929193139076233
v 0.0022638519294559956 0.09438024461269379 -0.0018052487866953015
v -0.10440384596586227 0.13597141206264496 0.12845247983932495
v 0.014436094090342522 0.04284323379397392 0.0067253694869577885
v 0.049827348440885544 0.048813316971063614 -0.14913921058177948
v 0.2296823114156723 -0.06877542287111282 0.058977991342544556
v -0.08854236453771591 0.1089891567826271 -0.024341465905308723
v 0.07820096611976624 0.027957767248153687 -0.1331949234008789
v 0.09501555562019348 -0.017350787296891212 -0.10369186103343964
v -0.04094839096069336 0.032736051827669144 -0.06415464729070663
v -0.09995990246534348 0.19612905383110046 -0.13264614343643188
v -0.16574129462242126 0.11388527601957321 -0.054198894649744034
v -0.10593079775571823 -0.022394217550754547 -0.03086894005537033
v -0.10791804641485214 -0.0033919462002813816 -0.17893755435943604
v 0.1591787338256836 -0.009306608699262142 0.0055746049620211124
v -0.005165594629943371 0.1235157698392868 0.28422412276268005
v -0.04330066218972206 0.014113090932369232 0.2422076314687729
v 0.11429613828659058 -0.07168814539909363 0.04518023878335953
v -0.12386355549097061 0.04485706984996796 0.10864844173192978
v -0.12031345069408417 0.20654788613319397 0.04769362881779671
v 0.20338000357151031 -0.034864094108343124 -0.04067657142877579
v -0.13101598620414734 -0.07250382751226425 0.1407504379749298
v -0.2220904529094696 0.025753630325198174 0.12264836579561234
v 0.036129117012023926 -0.0836188793182373 -0.0321328267455101
v -0.07726341485977173 0.18689566850662231 0.1631915420293808
v -0.061921536922454834 -0.007238794583827257 0.11828939616680145
v -0.01944408379495144 0.10615605115890503 -0.05641572177410126
v 0.16647030413150787 -0.029912520200014114 0.03504125401377678
v -0.08414532244205475 0.17656849324703217 0.03276558220386505
v 0.15472684800624847 -0.17053914070129395 -0.1202668696641922
v 0.006341477856040001 -0.06212955340743065 -0.044728826731443405
v 0.11939317733049393 -0.023547817021608353 -0.1385280042886734
v 0.003525281324982643 0.035681579262018204 -0.2688782215118408
v -0.08437363058328629 -0.0036094794049859047 0.055147238075733185
v -0.13183559477329254 0.13038308918476105 0.050533175468444824
v -0.21849627792835236 -0.19714389741420746 -0.07497072219848633
v -0.1050267443060875 -0.14958998560905457 0.30184146761894226
v -0.23019959032535553 0.1075449213385582 -0.029234128072857857
v -0.1507989764213562 -0.05923917889595032 -0.08357162773609161
v 0.059047210961580276 0.03155629709362984 0.3180001974105835
v -0.2397107481956482 0.2854631841182709 0.10831942409276962
v 0.07820729166269302 -0.09472279250621796 0.01054234616458416
v -0.19046999514102936 0.34097328782081604 0.01077438984066248
v 0.13899362087249756 -0.04359109699726105 -0.09441517293453217
v -0.08135217428207397 0.04424833506345749 0.11595785617828369
v -0.13595785200595856 -0.15544255077838898 -0.1933029145002365
v -0.19011065363883972 0.1528167426586151 0.04216305539011955
v 0.18443433940410614 -0.2327164113521576 0.016757678240537643
v -0.30799415707588196 0.14968952536582947 0.0920819640159607
v -0.15297424793243408 0.05156384035944939 0.13019901514053345
v -0.09468092024326324 0.17216075956821442 -0.1881876438856125
v -0.11014185100793839 0.15707527101039886 0.11077356338500977
v -0.22988323867321014 -0.18968014419078827 0.26253536343574524
v -0.005941939540207386 0.06057504564523697 -0.007088392041623592
v -0.16174642741680145 0.16808876395225525 -0.06228603795170784
v -0.121883325278759 0.22666354477405548 -0.04598533734679222
v 0.043837107717990875 0.31408146023750305 -0.0003258420038037002
v -0.13191555440425873 0.123382568359375 -0.012712661176919937
v -0.20673532783985138 -0.0745735615491867 0.07732100039720535
v -0.05041505768895149 -0.07824626564979553 0.43527674674987793
v -0.1522705852985382 -0.030814889818429947 -0.21197983622550964
v 0.15910795331001282 0.06560622155666351 -0.17189344763755798
v 0.24388355016708374 -0.07242263853549957 -0.1643330603837967
v -0.022661808878183365 -0.06801892817020416 0.11421021819114685
v -0.043078772723674774 0.1109643206000328 -0.1265939474105835
v -0.25088372826576233 0.05568358302116394 0.18771585822105408
v 0.15851102769374847 -0.09396786987781525 -0.10523887723684311
v -0.18109700083732605 -0.35191187262535095 -0.10938236862421036
v -0.08206447213888168 -0.21743199229240417 0.07282162457704544
v 0.06822096556425095 0.03036297857761383 -0.16635434329509735
v -0.10620123893022537 0.18678392469882965 -0.11595377326011658
v -0.224308580160141 -0.0011389197316020727 0.2557474970817566
v 0.07908827066421509 -0.14757192134857178 0.13967427611351013
v -0.1693379431962967 0.10136568546295166 0.11011061817407608
v -0.10882749408483505 0.18515031039714813 -0.28218913078308105
v 0.21088090538978577 -0.40812838077545166 0.0810186117887497
v 0.060494206845760345 -0.08684361726045609 0.030773060396313667
v 0.11758031696081161 0.06515335291624069 0.00303022563457489
v -0.21391089260578156 0.1785656213760376 -0.11064555495977402
v 0.13477398455142975 -0.024860061705112457 0.042052287608385086
v -0.0538116954267025 -0.18627327680587769 0.006653074640780687
v 0.09433738142251968 0.09848147630691528 0.2548827826976776
v -0.2002137005329132 -0.014722554013133049 -0.03391445800662041
v 0.08234317600727081 0.024593286216259003 0.09074380248785019
v 0.05887485295534134 -0.01789940893650055 0.025053612887859344
v -0.44383394718170166 0.05264934152364731 0.09731367975473404
v -0.2668952941894531 -0.08443866670131683 -0.050772327929735184
v 0.029647087678313255 -0.024815447628498077 0.018674800172448158
v -0.17247234284877777 0.19310657680034637 0.10281137377023697
v -0.1618334949016571 0.10771388560533524 -0.1371128261089325
v -0.1552344411611557 0.3090852200984955 -0.06058500334620476
v -0.1373213529586792 0.08617382496595383 0.07515187561511993
v -0.006765209604054689 0.23714469373226166 0.28164976835250854
v -0.25319573283195496 0.07715451717376709 -0.2887133061885834
v -0.08583741635084152 -0.18113933503627777 0.010304823517799377
v 0.0325336828827858 -0.07605837285518646 -0.036378491669893265
v -0.07818564772605896 -0.02593149058520794 -0.09860050678253174
v 0.09880759567022324 -0.1737629920244217 -0.0695267915725708
v 0.009259357117116451 0.03075096383690834 0.11553587764501572
v -0.17830370366573334 -0.10048889368772507 0.1780165135860443
v 0.06018347665667534 -0.11449149996042252 -0.11011654883623123
v -0.10223568975925446 0.1650984287261963 0.28765830397605896
v 0.019680077210068703 -0.1631632149219513 -0.19568690657615662
v 0.031098050996661186 0.11770586669445038 0.11862887442111969
v -0.012334519065916538 -0.4577837586402893 -0.02944502793252468
v -0.06864519417285919 -0.10640209168195724 0.08551882952451706
v 0.10400305688381195 -0.06262926757335663 0.07804576307535172
v 0.11713169515132904 -0.11551680415868759 0.2679521143436432
v 0.1176198348402977 0.12835370004177094 0.17690807580947876
v 0.061147671192884445 0.05978850647807121 -0.07708362489938736
v 0.1413641721010208 -0.14694441854953766 0.10768455266952515
v -0.10552625358104706 -0.04986582696437836 -0.06547736376523972
v 0.2554139494895935 -0.1627817302942276 0.046134479343891144
v 0.02864551544189453 0.04766058549284935 0.025764457881450653
v -0.2368343621492386 -0.07773922383785248 -0.09435521066188812
v 0.07428474724292755 -0.042924292385578156 -0.15925411880016327
v -0.07693655043840408 0.0217774398624897 -0.060626544058322906
v 0.003328161546960473 -0.06879598647356033 -0.016407204791903496
v 0.14584457874298096 -0.12702924013137817 -0.1416691243648529
v -0.07477789372205734 0.04896385222673416 -0.08827317506074905
v 0.0488843135535717 0.18729543685913086 -0.03718559443950653
v -0.014787380583584309 0.10998598486185074 0.14371967315673828
v -0.10081283003091812 -0.1862746775150299 -0.02016935497522354
v -0.1511014848947525 -0.05564366281032562 0.08773808181285858
v -0.08779890090227127 0.24750785529613495 0.017922326922416687
v 0.03177255764603615 -0.08799519389867783 -0.03045450709760189
v -0.0068779331631958485 -0.108714759349823 6.079345985199325e-05
v -0.08206593245267868 0.2966080904006958 0.06542663276195526
v 0.13427965342998505 0.12509043514728546 0.018879109993577003
v 0.14462588727474213 -0.022064654156565666 -0.1502169668674469
v -0.039791300892829895 0.26283755898475647 0.17269648611545563
v -0.18676093220710754 0.005262893158942461 -0.1374908685684204
v 0.16063307225704193 -0.14104820787906647 0.13920238614082336
v 0.15232102572917938 0.050163134932518005 -0.1697567105293274
v -0.15964321792125702 0.20393767952919006 -0.031231766566634178
v 0.13136699795722961 -0.077006995677948 0.04028690606355667
v -0.18524973094463348 0.19893644750118256 -0.28757789731025696
v -0.14281131327152252 -0.35827887058258057 -0.0038774677086621523
v 0.06449000537395477 0.13127724826335907 0.05015338212251663
v 0.14928369224071503 -0.06611236184835434 -0.11726445704698563
v -0.14355111122131348 0.04678214713931084 -0.067522794008255
v -0.013796140439808369 0.00743841752409935 -0.20727267861366272
v -0.0902542695403099 0.01615968905389309 0.10505764186382294
v -0.1207878440618515 0.008691195398569107 -0.029815439134836197
v -0.1579766720533371 0.053265590220689774 0.15655434131622314
v -0.1677391529083252 -0.08789759874343872 0.014595944434404373
v -0.07006950676441193 -0.03057214617729187 -0.15221303701400757
v 0.20252066850662231 -0.12244054675102234 0.15446199476718903
v 0.06960896402597427 -0.22094064950942993 0.10096093267202377
v 0.09301584959030151 -0.06948013603687286 0.21733731031417847
v -0.012154164724051952 -0.2622527778148651 -0.23718732595443726
v -0.17334075272083282 0.12866102159023285 -0.07259012758731842
v -0.15870754420757294 0.1732439547777176 0.12479919195175171
v -0.06682470440864563 0.18723396956920624 -0.06495832651853561
v -0.128067284822464 -0.1265658736228943 -0.12081871926784515
v 0.024670789018273354 -0.16304053366184235 -0.06738884747028351
v -0.11913993209600449 -0.14160487055778503 -0.17359669506549835
v -0.19450470805168152 -0.024042731150984764 0.027803558856248856
v 0.11146323382854462 -0.3013663589954376 0.10640460252761841
v -0.2997984290122986 0.02077987976372242 0.1878104954957962
v -0.07278691977262497 0.024116532877087593 0.19421924650669098
v -0.14449851214885712 0.13900330662727356 0.06189984455704689
v -0.1755431741476059 0.10253621637821198 -0.21173261106014252
v 0.034061964601278305 -0.08557949960231781 -0.08739127218723297
v 0.0021726968698203564 -0.04734860360622406 -0.04031610116362572
v -0.018169058486819267 0.06468890607357025 0.16029584407806396
v -0.018028657883405685 0.08986540883779526 0.16737821698188782
v -0.07945051044225693 0.0003880368312820792 -0.08785352110862732
v -0.1916925013065338 0.31855300068855286 0.2045830637216568
v 0.06415973603725433 -0.2823610007762909 0.04181510955095291
v -0.10661334544420242 -0.05386824905872345 0.20879904925823212
v -0.07747212052345276 0.36723586916923523 0.13015781342983246
v -0.0922728180885315 -0.1950962096452713 0.06686574220657349
v 0.07595599442720413 0.10293836891651154 -0.05851620435714722
v 0.005538231693208218 -0.19066385924816132 0.23876582086086273
v -0.24823282659053802 -0.024502668529748917 -0.15652304887771606
v -0.10036739706993103 -0.11288275569677353 -0.134715735912323
v 0.00473792152479291 -0.008175797760486603 0.42584654688835144
v -0.14730754494667053 0.0791379064321518 0.2146672159433365
v -0.06961940228939056 0.21603743731975555 0.05060494691133499
v 0.10710259526968002 -0.13840334117412567 0.04484935849905014
v 0.13732056319713593 -0.12794755399227142 0.19896288216114044
v 0.13312655687332153 0.21727699041366577 0.05365986377000809
v 0.2238607257604599 -0.0517752580344677 0.08695109188556671
v -0.06752070039510727 -0.04128232225775719 -0.01078459806740284
v -0.11590837687253952 0.05613555759191513 0.04769869148731232
v -0.02998855523765087 -0.2394438087940216 -0.10067062824964523
v -0.2239890843629837 -0.23874004185199738 0.26956623792648315
v -0.19844280183315277 0.0214815903455019 -0.08561151474714279
v 0.21766632795333862 0.012860179878771305 0.06477361172437668
v 0.030064737424254417 0.011873194016516209 0.04881864786148071
v 0.010350330732762814 -0.04863588511943817 -0.15906637907028198
v -0.06543533504009247 -0.26376858353614807 0.0012725299457088113
v -0.0420164130628109 -0.10256998986005783 -0.050742510706186295
v 0.13822223246097565 -0.17351222038269043 0.07220311462879181
v 0.10950461775064468 -0.134760320186615 0.06789010763168335
v -0.1334444135427475 -0.23671206831932068 0.04419612139463425
v -0.07787343114614487 0.005390106234699488 0.09544020146131516
v -0.13835233449935913 0.0892600417137146 -0.03762073814868927
v -0.1233491450548172 -0.04067863151431084 0.036499109119176865
v -0.05397524684667587 0.053706344217061996 -0.20661498606204987
v -0.22268420457839966 0.3443150222301483 -0.11245884001255035
v 0.12915512919425964 -0.2238258719444275 0.037555765360593796
v 0.13381296396255493 -0.22879573702812195 -0.017399784177541733
v -0.08101578056812286 0.03841569274663925 0.09607516974210739
v -0.016337411478161812 -0.007206657901406288 -0.16432568430900574
v -0.010314580984413624 -0.026970556005835533 0.014721088111400604
v -0.1969861388206482 0.046114303171634674 0.16968092322349548
v 0.07569456100463867 -0.2928500771522522 0.17837825417518616
v -0.15993943810462952 0.08481477200984955 0.12252454459667206
v -0.10554727911949158 -0.057876527309417725 -0.14186662435531616
v 0.22031790018081665 0.2672162652015686 0.26722270250320435
v 0.06745509058237076 0.056394126266241074 -0.03855191916227341
v -0.08812577277421951 -0.08547989279031754 0.059875600039958954
v -0.06718485802412033 0.13114391267299652 -0.09960878640413284
v 0.026944685727357864 -0.051530320197343826 0.0603315643966198
v 0.08729367703199387 -0.10489287972450256 -0.12721553444862366
v -0.033385585993528366 -0.3104327321052551 -0.11465470492839813
v -0.22226326167583466 0.17382299900054932 -0.06466298550367355
v -0.18817256391048431 0.10651157796382904 -0.007406971417367458
v 0.08376247435808182 -0.2348056435585022 -0.023435844108462334
v -0.17443816363811493 0.17015545070171356 -0.07531676441431046
v -0.021524664014577866 -0.116221122443676 -0.03556219860911369
v -0.1777038723230362 -0.05601612478494644 -0.2656569182872772
v 0.15393197536468506 0.12359597533941269 0.18361684679985046
v 0.09967325627803802 -0.3688713610172272 -0.24611465632915497
v -0.2212284803390503 0.1937004029750824 0.16481681168079376
v 0.009426799602806568 -0.23575624823570251 0.12416238337755203
v 0.0004374490526970476 0.07700272649526596 -0.30198466777801514
v -0.12262023240327835 0.20730318129062653 -0.06508038938045502
v 0.07365978509187698 -0.2214352786540985 -0.2852124571800232
v 0.12807123363018036 0.02329310216009617 0.14468379318714142
v 0.019414806738495827 -0.13653597235679626 0.08881080150604248
v -0.07524590939283371 0.1402752846479416 0.1410272866487503
v 0.08323130756616592 -0.036040060222148895 0.012293897569179535
v 0.2214549481868744 -0.011129996739327908 0.10663434118032455
v -0.21713373064994812 0.02167079597711563 0.023044981062412262
v -0.10506840795278549 -0.08266054838895798 0.0076688556000590324
v 0.20541241765022278 -0.1498088836669922 -0.16726329922676086
v -0.10668528079986572 -0.018358983099460602 0.09053326398134232
v -0.106185682117939 0.10602358728647232 0.17569632828235626
v -0.16616465151309967 -0.02510761097073555 0.10120637714862823
v -0.02986479364335537 -0.10158389806747437 0.007871866226196289
v -0.02189803123474121 0.01745077222585678 0.15780235826969147
v 0.00017108141037169844 -0.07696948945522308 -0.0019264229340478778
v -0.10608097910881042 0.13082703948020935 -0.13059571385383606
v -0.14175640046596527 -0.18315108120441437 0.13228875398635864
v 0.22002093493938446 -0.23608791828155518 -0.05242990329861641
v -0.22270171344280243 0.14544890820980072 -1.9856785002048127e-05
v -0.046858400106430054 0.11842247098684311 0.20071139931678772
v 0.15734145045280457 -0.076474629342556 0.1195681244134903
v -0.05573542043566704 0.12188269197940826 -0.12663960456848145
v -0.017204856500029564 0.0581856407225132 0.04246025159955025
v -0.06906712800264359 0.02484114095568657 0.008263172581791878
v -0.14954134821891785 0.32640692591667175 0.04902356117963791
v 0.07766298949718475 0.049865737557411194 0.12775564193725586
v 0.28128281235694885 -0.18406124413013458 0.1961490660905838
v 0.24330466985702515 -0.13287420570850372 0.139894500374794
v 0.01286880299448967 0.017201263457536697 0.07805483788251877
v 0.09200239181518555 -0.11013756692409515 -0.17492149770259857
v 0.18626178801059723 0.07332977652549744 0.031503789126873016
v -0.06376201659440994 -0.0649348646402359 0.06101091951131821
v 0.05966680124402046 0.0022847899235785007 -0.0005905469297431409
v 0.0010271524079144 -0.0334741547703743 0.18706190586090088
v 0.10669141262769699 0.0003611205902416259 0.07228924334049225
v -0.10254820436239243 0.1843309849500656 0.10664873570203781
v 0.14626149833202362 -0.179291233420372 0.024688372388482094
v 0.124553382396698 -0.06383226066827774 0.09777546674013138
v -0.07992959767580032 0.21607467532157898 -0.05527898296713829
v 0.14955367147922516 -0.009370870888233185 -0.2861441373825073
v 0.0064987074583768845 -0.014068388380110264 -0.16587309539318085
v -0.03072512336075306 -0.00913266558200121 0.05454055964946747
v -0.3617401719093323 0.23156744241714478 0.08743219822645187
v -0.0009086586651392281 -0.16394655406475067 -0.17376261949539185
v -0.14631207287311554 0.0902763158082962 0.2406456619501114
v 0.036555226892232895 0.017897235229611397 0.06677243858575821
v -0.15841011703014374 -0.1029682531952858 0.07230369746685028
v -0.21464820206165314 0.07687053084373474 -0.2143252193927765
v -0.14442099630832672 -0.06280926614999771 -0.041634451597929
v -0.21585728228092194 0.3034221827983856 -0.2558092474937439
v 0.1692756563425064 -0.0843738541007042 -0.11691273003816605
v -0.010459979996085167 -0.009293574839830399 0.27419865131378174
v -0.10772637277841568 0.16412891447544098 -0.1393739879131317
v -0.0321049727499485 -0.12509068846702576 0.21630685031414032
v 0.18163353204727173 -0.11727134883403778 -0.10773130506277084
v 0.0939776822924614 -0.023558298125863075 0.10548774152994156
v -0.13055388629436493 -0.0456012599170208 -0.16386564075946808
v -0.24145497381687164 -0.002128124935552478 0.08897874504327774
v 0.12499437481164932 -0.07054726779460907 -0.11252674460411072
v -0.18330013751983643 -0.08444621413946152 -0.13193976879119873
v -0.06876784563064575 -0.14837493002414703 0.002601208398118615
v -0.019938964396715164 -0.282910019159317 -0.22747759521007538
v -0.20958994328975677 0.25634950399398804 0.036306049674749374
v -0.06696918606758118 0.12116574496030807 -0.16538797318935394
v 0.12581251561641693 -0.11606694012880325 0.02283874712884426
v 0.08234100788831711 -0.1765381395816803 0.11487384885549545
v -0.14446701109409332 0.002947372617200017 0.03952740132808685
v -0.10638857632875443 -0.0556560754776001 0.06382393091917038
v 0.36289075016975403 -0.21756340563297272 0.030289338901638985
v -0.30662864446640015 -0.008889186196029186 -0.09749896824359894
v 0.03842335566878319 0.021509502083063126 0.015728311613202095
v 0.029646344482898712 -0.11426933854818344 0.11944340914487839
v 0.06812096387147903 -0.21067792177200317 -0.10959264636039734
v -0.10328912734985352 0.04072016477584839 0.04212572053074837
v -0.25005480647087097 0.06915897130966187 0.19891877472400665
v -0.11154969781637192 0.11929012089967728 0.04158630967140198
v 0.19225652515888214 0.11367413401603699 0.1347634494304657
v 0.10880938917398453 -0.15332262217998505 -0.1296066790819168
v -0.11581788957118988 0.31805163621902466 0.006222090218216181
v -0.1781785637140274 -0.3124619126319885 0.09791862964630127
v 0.035921137779951096 0.10587787628173828 0.06120181828737259
v 0.2226722538471222 -0.10474676638841629 -0.13548706471920013
v -0.19391053915023804 0.2461881786584854 0.06375616043806076
v -0.14288929104804993 -0.023076318204402924 -0.035340819507837296
v -0.17404508590698242 -0.16599240899085999 0.09388363361358643
v -0.09759005159139633 0.020301029086112976 -0.10097059607505798
v -0.08660025894641876 0.2558177411556244 0.17510823905467987
v -0.09220962971448898 -0.10629257559776306 0.22519756853580475
v -0.07808932662010193 0.01643204316496849 -0.09080297499895096
v -0.1096688061952591 -0.0275876484811306 0.1730852872133255
v -0.12692467868328094 0.01775135099887848 -0.17105332016944885
v -0.2282758504152298 -0.17772357165813446 0.14669610559940338
v -0.14587703347206116 -0.0966322273015976 -0.1859254539012909
v -0.07223591208457947 0.1849992871284485 0.017600730061531067
v -0.060121774673461914 -0.43481290340423584 0.1861506700515747
v -0.05714285373687744 -0.12296654284000397 0.07909759134054184
v 0.09543365985155106 0.06220486760139465 -0.011612494476139545
v 0.06273745745420456 -0.06668632477521896 -0.005724233575165272
v 0.25652459263801575 -0.011033800430595875 0.2503259479999542
v 0.0028050111141055822 0.19933876395225525 -0.07442286610603333
v 0.016359791159629822 0.02566148154437542 0.12572750449180603
v -0.16680853068828583 -0.051539622247219086 -0.06861887127161026
v -0.15907752513885498 0.05099549517035484 0.02704497240483761
v -0.20086725056171417 0.20080094039440155 -0.0707072839140892
v 0.03433242067694664 0.010721102356910706 -0.08142700046300888
v 0.020594613626599312 -0.08600738644599915 0.009498512372374535
v -0.04755910858511925 -0.0649072453379631 -0.0981803610920906
v -0.053681448101997375 -0.03522440791130066 0.12736213207244873
v 0.01236469205468893 -0.07694754004478455 -0.043215587735176086
v -0.24690043926239014 0.009943599812686443 -0.2229916900396347
v 0.009183933027088642 -0.036658309400081635 0.014137943275272846
v -0.15309442579746246 0.12612688541412354 -0.017223862931132317
v -0.15477220714092255 0.05754344165325165 -0.0831800252199173
v -0.13778232038021088 0.1915033906698227 0.08014016598463058
v -0.11328277736902237 0.09967757761478424 0.08133888989686966
v -0.16416311264038086 0.06593847274780273 0.0634920746088028
v -0.10690204799175262 0.10800886899232864 0.1327955722808838
v 0.04958910122513771 -0.003985696472227573 0.05970301851630211
v -0.097303107380867 0.24129453301429749 -0.04257082939147949
v 0.03630642965435982 0.003863352118059993 0.007958575151860714
v -0.0634361132979393 -0.05768812447786331 0.03673109784722328
v -0.007238258142024279 0.054066065698862076 -0.20609380304813385
v 0.0970606803894043 -0.12640205025672913 0.07175740599632263
v 0.07222481071949005 -0.18050964176654816 -0.07828854769468307
v -0.18739661574363708 0.09675166755914688 -0.12142567336559296
v -0.161128968000412 -0.5275174379348755 -0.14605028927326202
v -0.16099274158477783 -0.00037117619649507105 0.09718568623065948
v 0.09965429455041885 -0.0251624695956707 -0.2580183744430542
v 0.11346401274204254 -0.04362338036298752 -0.25751206278800964
v 0.06647831201553345 -0.03794335201382637 -0.07995910942554474
v -0.284996896982193 -0.1852317899465561 -0.012945008464157581
v 0.12423782050609589 -0.053648825734853745 -0.029583260416984558
v 0.16270776093006134 0.01198793575167656 -0.09045303612947464
v -0.08736376464366913 0.22218294441699982 -0.009658731520175934
v 0.1296345740556717 0.33562612533569336 -0.17520001530647278
v -0.00897963996976614 0.11022143810987473 -0.03885837271809578
v -0.055253610014915466 0.1733161211013794 0.034237876534461975
v -0.10747833549976349 -0.007545837666839361 -0.46188589930534363
v -0.12000859528779984 0.19988973438739777 -0.12221511453390121
v -0.12919887900352478 -0.060851000249385834 0.009375683963298798
v 0.11687719076871872 -0.047036997973918915 -0.25299346446990967
v -0.09201239794492722 -0.010300587862730026 0.21888059377670288
v -0.21517227590084076 0.16231557726860046 -0.030346296727657318
v 0.06591618061065674 -0.08889900892972946 -0.16413088142871857
v 0.11066509038209915 -0.30090007185935974 0.047348953783512115
v -0.05044356733560562 -0.2090001404285431 0.26603150367736816
v -0.02876628190279007 0.20636281371116638 0.024143259972333908
v 0.09009629487991333 -0.22140967845916748 0.059214409440755844
v -0.2580690085887909 -0.3335209786891937 -0.2702464461326599
v -0.24674177169799805 0.1854272037744522 -0.10463102906942368
v -0.0852326825261116 0.07330790162086487 0.11085505783557892
v -0.19902558624744415 0.20709607005119324 0.09125255048274994
v -0.08651674538850784 -0.18218401074409485 0.046386897563934326
v 0.20341728627681732 0.04349951818585396 0.15412507951259613
v 0.13850539922714233 0.09477024525403976 -0.16844157874584198
v -0.17562833428382874 -0.033066652715206146 -0.01905464380979538
v -0.1369708925485611 0.11836093664169312 0.12096794694662094
v 0.037881817668676376 -0.4337387979030609 -0.17133353650569916
v 0.09243801981210709 -0.10127176344394684 -0.17599430680274963
v 0.25205308198928833 -0.10443516820669174 0.10827969014644623
v -0.18051686882972717 0.2114737182855606 0.0009938314324244857
v -0.15884573757648468 0.021135278046131134 0.10225250571966171
v -0.08603569120168686 0.1354745775461197 -0.007857768796384335
v 0.21084727346897125 0.09972449392080307 0.13884976506233215
v -0.11644428968429565 -0.04044288396835327 -0.009782440960407257
v 0.07690327614545822 -0.005780298262834549 -0.057273443788290024
v -0.07315589487552643 -0.3120817244052887 -0.21850408613681793
v -0.11333578079938889 -0.09331873059272766 -0.09809386730194092
v -0.11930295079946518 0.08096633851528168 0.1380036175251007
v 0.07271189242601395 -0.08980672806501389 0.1401783674955368
v -0.0033297014888375998 0.14199773967266083 -0.2606654465198517
v -0.038651708513498306 0.01831888221204281 0.029157979413866997
v -0.18349072337150574 0.19208566844463348 -0.0801902785897255
v -0.029037704691290855 -0.4030458331108093 -0.12834317982196808
v -0.04327348619699478 0.023699482902884483 -0.0946076437830925
v -0.04450462758541107 0.06894625723361969 0.019778132438659668
v -0.14095039665699005 0.3300727903842926 0.08035338670015335
v -0.09750337898731232 -0.029598968103528023 -0.140996053814888
v -0.08618688583374023 0.017133597284555435 0.09426720440387726
v 0.11816705763339996 -0.08202855288982391 -0.051839038729667664
v -0.14234453439712524 0.021232102066278458 0.07952357828617096
v 0.2671564519405365 -0.25006476044654846 0.014035670086741447
v -0.09449364244937897 -0.08267267048358917 -0.35150620341300964
v 0.09425318241119385 -0.006853296421468258 0.007557472679764032
v -0.13001644611358643 0.13767115771770477 0.055396538227796555
v -0.10265139490365982 0.20845894515514374 -0.17408300936222076
v -0.07751195877790451 0.2678919732570648 -0.032803963869810104
v 0.21024300158023834 0.03996652364730835 0.11429733037948608
v 0.11196622252464294 -0.007292803376913071 -0.08018318563699722
v 0.06660651415586472 -0.17913322150707245 -0.12396375834941864
v 0.04664478451013565 -0.12697328627109528 -0.057436875998973846
v -0.011016757227480412 0.059550706297159195 0.09389510750770569
v 0.07047506421804428 -0.06408955901861191 0.21353256702423096
v -0.19863276183605194 0.21315348148345947 0.17921844124794006
v -0.08952555060386658 -0.19112759828567505 0.04224641993641853
v -0.08277029544115067 -0.13670967519283295 -0.1244882196187973
v -0.18605837225914001 -0.01985805481672287 0.25934165716171265
v -0.13690955936908722 0.0065582930110394955 0.11901022493839264
v 0.05280506983399391 -0.2698054313659668 -0.07061435282230377
v 0.11550880968570709 0.15010623633861542 -0.2832626402378082
v 0.03659341111779213 0.007156524807214737 -0.21110031008720398
v -0.17056651413440704 0.04835173487663269 0.12792131304740906
v -0.13189293444156647 -0.14924663305282593 -0.09439191967248917
v -0.06729770451784134 -0.24903641641139984 0.0926419124007225
v -0.14899809658527374 0.10352259129285812 -0.1842798888683319
v 0.059922344982624054 -0.09877751022577286 -0.20666582882404327
v 0.11126729846000671 0.017779862508177757 0.09857796877622604
v -0.11767027527093887 -0.004933690186589956 0.043317750096321106
v -0.07519266754388809 0.016624104231595993 -0.08013489097356796
v 0.06371141970157623 -0.022436439990997314 -0.030686115846037865
v 0.026504777371883392 -0.028569377958774567 -0.014637409709393978
v -0.12159905582666397 -0.19481082260608673 0.07440190017223358
v -0.020469631999731064 -0.16725854575634003 0.024453559890389442
v -0.016157571226358414 0.02123239077627659 -0.04883364960551262
v -0.08555211871862411 -0.17322565615177155 0.12011659145355225
v 0.22173872590065002 0.20625419914722443 -0.042896851897239685
v -0.17165884375572205 -0.2168479561805725 0.10025860369205475
v -0.06754596531391144 -0.04611186683177948 -0.057155072689056396
v -0.11769626289606094 0.2677534520626068 -0.05764291435480118
v 0.3266136944293976 -0.3002546727657318 0.0727199986577034
v -0.04890960082411766 0.06688779592514038 -0.042975977063179016
v 0.1561272144317627 -0.16048923134803772 -0.3709240257740021
v -0.0796106830239296 -0.3433370590209961 -0.22045458853244781
v 0.2549588680267334 0.01624690555036068 0.09911444038152695
v -0.19728825986385345 0.07682948559522629 -0.26290076971054077
v 0.037997644394636154 -0.15543118119239807 -0.0036192345432937145
v -0.15777921676635742 0.3563423156738281 -0.013470862992107868
v 0.09835484623908997 0.07322850823402405 0.24925905466079712
v -0.07659361511468887 -0.01838073506951332 0.027634931728243828
v 0.07438520342111588 -0.22235745191574097 0.12869901955127716
v 0.14777053892612457 0.025907037779688835 0.15104305744171143
v -0.23258431255817413 -0.0841454342007637 -0.18006940186023712
v 0.0355251207947731 -0.1759732961654663 -0.04305826872587204
v 0.06760070472955704 -0.07538749277591705 -0.1798160821199417
v -0.006307460833340883 -0.11756431311368942 -0.08349152654409409
v -0.2995934784412384 0.10131999850273132 -0.022202348336577415
v -0.0820031613111496 0.05120829865336418 -0.25717878341674805
v -0.08867662400007248 -0.1163720116019249 0.09928137809038162
v 0.19890345633029938 -0.30850446224212646 -0.08221320062875748
v 0.02815946191549301 0.019019674509763718 0.20986324548721313
v -0.035853032022714615 -0.0560016855597496 -0.016875436529517174
v 0.18912829458713531 0.038048598915338516 -0.21085111796855927
v 0.10638124495744705 -0.0373174250125885 -0.21750612556934357
v 0.0022443197667598724 -0.058762237429618835 0.08655201643705368
v 0.06555123627185822 -0.18404372036457062 -0.07846369594335556
v -0.13349436223506927 0.005477935541421175 -0.16593420505523682
v -0.16799378395080566 -0.04671109840273857 -0.132539764046669
v -0.15038472414016724 -0.17543667554855347 0.1692635864019394
v -0.10515899956226349 -0.12666413187980652 -0.027300532907247543
v 0.06703121960163116 0.0069819348864257336 -0.18550904095172882
v 0.14772437512874603 -0.17187222838401794 0.19996245205402374
v 0.17215952277183533 -0.02792963758111 0.19259792566299438
v -0.022057903930544853 -0.11629542708396912 0.16729454696178436
v 0.07774894684553146 -0.032879989594221115 0.08973930776119232
v -0.1644931584596634 0.21614234149456024 0.06493868678808212
v -0.06839429587125778 0.28888219594955444 -0.030500907450914383
v -0.09234447777271271 -0.03407485410571098 0.19113996624946594
v 0.10079386830329895 -0.025496304035186768 0.1507297158241272
v -0.014189681969583035 0.06302639096975327 0.035796549171209335
v -0.013428719714283943 0.03774860128760338 0.07278193533420563
v -0.18762843310832977 -0.10716512799263 0.1684843897819519
v 0.0703786090016365 -0.011769118718802929 -0.09224003553390503
v 0.11507203429937363 -0.10838837176561356 0.23503375053405762
v 0.2469109147787094 -0.058395277708768845 -0.21294823288917542
v 0.09380864351987839 -0.1449059247970581 -0.14936457574367523
v -0.18374261260032654 0.0380452536046505 0.11223950237035751
v -0.10651601850986481 0.012271621264517307 -0.1892375946044922
v -0.1656809151172638 0.10838431119918823 -0.18016546964645386
v 0.10494320094585419 -0.058890655636787415 -0.07588706165552139
v -0.192587211728096 -0.08575232326984406 0.011938107199966908
v -0.1355046182870865 0.134881854057312 -0.010364011861383915
v -0.11682569980621338 0.5030789971351624 0.2242708057165146
v 0.14660124480724335 -0.08468488603830338 -0.05220089107751846
v 0.00017874897457659245 0.26028361916542053 0.33336007595062256
v 0.03138098865747452 -0.0028260573744773865 -0.03399311751127243
v -0.06279504299163818 0.20544390380382538 0.009270734153687954
v -0.15608711540699005 0.17017677426338196 -0.23261696100234985
v -0.22112420201301575 0.005612384527921677 -0.08856682479381561
v 0.12718817591667175 -0.03338024765253067 0.09507486969232559
v -0.042167872190475464 -0.2915491759777069 0.12732426822185516
v -0.0037076810840517282 -0.2145157903432846 0.19163218140602112
v -0.013380913063883781 -0.19243235886096954 -0.3035445511341095
v -0.2188033014535904 0.2745215594768524 -0.1349700391292572
v -0.010033749975264072 0.04067276418209076 -0.0955122709274292
v -0.12625709176063538 0.1558922678232193 0.3558337390422821
v 0.03674546629190445 -0.04909063130617142 -0.057132501155138016
v -0.011107332073152065 -0.10479745268821716 0.09259770810604095
v 0.12390558421611786 -0.21179479360580444 0.21044716238975525
v -0.0950932428240776 0.10722295194864273 -0.2491471767425537
v 0.06542021781206131 -0.0480579249560833 0.15147818624973297
v -0.09244614839553833 0.07843557000160217 -0.1916010081768036
v -0.3361467123031616 0.011529278010129929 -0.1385536938905716
v 0.06299319118261337 -0.24739721417427063 -0.1745619922876358
v 0.24105742573738098 -0.168162003159523 0.04849415645003319
v 0.17674532532691956 -0.16484276950359344 -0.10106870532035828
v 0.12610657513141632 -0.019477540627121925 0.012385478243231773
v -0.04342488944530487 -0.08932363986968994 0.025808211416006088
v -0.1412670612335205 0.1387377232313156 -0.026814647018909454
v 0.02925810031592846 0.25163960456848145 -0.05490681529045105
v -0.039317235350608826 -0.056909963488578796 -0.0006819678237661719
v -0.24936415255069733 -0.0014080627588555217 0.06142449006438255
v -0.15325109660625458 0.0366157591342926 0.08675746619701385
v 0.09498182684183121 -0.012763709761202335 -0.029656479135155678
v -0.3045059144496918 0.22453585267066956 0.06095317378640175
v -0.13619188964366913 -0.1868283897638321 -0.18579654395580292
v 0.11208207905292511 -0.05071515217423439 0.21102237701416016
v -0.19479873776435852 -0.17942695319652557 0.1734812706708908
v 0.017233671620488167 -0.015812497586011887 -0.15791790187358856
v -0.061456404626369476 0.06582093983888626 -0.12307576090097427
v -0.04664647951722145 -0.09440814703702927 0.15573520958423615
v 0.18031010031700134 -0.2927449345588684 0.2842938005924225
v -0.005452049896121025 -0.08985276520252228 -0.07039815187454224
v -0.06960978358983994 -0.26554247736930847 -0.26720166206359863
v -0.21121883392333984 0.11240716278553009 -0.15473294258117676
v -0.03810606896877289 0.22771921753883362 -0.14756318926811218
v -0.04926033318042755 0.1342017650604248 0.10214994847774506
v -0.028270617127418518 0.09888901561498642 -0.27727052569389343
v 0.16226868331432343 -0.17768020927906036 -0.23801371455192566
v -0.02472030743956566 0.19536827504634857 -0.1561213880777359
v -0.31722474098205566 0.11491396278142929 0.13312865793704987
v 0.20151370763778687 0.026333685964345932 0.09102927148342133
v -0.12126035988330841 0.22464638948440552 0.12973347306251526
v -0.018354997038841248 0.050449393689632416 0.3409547507762909
v -0.07842931896448135 -0.00857966672629118 0.06510138511657715
v -0.16173522174358368 -0.0938151627779007 -0.2427961826324463
v -0.1607818901538849 -0.1474274843931198 -0.08292256295681
v 0.14290297031402588 0.008672220632433891 0.181456059217453
v 0.049950119107961655 -0.04759649187326431 -0.13255171477794647
v 0.05884972959756851 0.051808856427669525 -0.1787678301334381
v -0.09564787149429321 -0.028293846175074577 0.20252466201782227
v -0.06915609538555145 -0.10896162688732147 -0.05007676035165787
v -0.09820171445608139 -0.29983803629875183 -0.0799265131354332
v -0.13790902495384216 -0.21071457862854004 0.16151517629623413
v -0.15671204030513763 0.007117837201803923 0.0763944610953331
v 0.05372914299368858 0.020686523988842964 0.06024901196360588
v -0.1496896743774414 -0.02077268250286579 0.10644153505563736
v 0.12042028456926346 0.13991409540176392 0.05419681593775749
v -0.20175153017044067 0.21998310089111328 0.04310053959488869
v 0.0009695199551060796 0.030546966940164566 -0.09302394092082977
v 0.11763803660869598 -0.03320798650383949 -0.1940688043832779
v -0.10360772907733917 -0.018743380904197693 -0.33673739433288574
v -0.07396090775728226 -0.20692671835422516 0.0793083980679512
v -0.11587760597467422 -0.10411722213029861 0.17000062763690948
v -0.0666138306260109 0.037046536803245544 0.11451346427202225
v -0.11838014423847198 0.0534820556640625 -0.12347855418920517
v -0.14689061045646667 0.3804738521575928 -0.060160018503665924
v 0.061231762170791626 -0.26285862922668457 -0.18038001656532288
v 0.0716441199183464 -0.17284587025642395 -0.1186831071972847
v -0.10351322591304779 -0.2722899317741394 0.035108886659145355
v -0.16999854147434235 0.292132169008255 -0.06858950853347778
v 0.11162542551755905 -0.16205288469791412 -0.11306039988994598
v -0.03929818049073219 0.2150014191865921 0.05245750769972801
v 0.020456278696656227 0.079291433095932 0.10152813792228699
v 0.16643126308918 -0.033963412046432495 0.025799386203289032
v -0.12665551900863647 -0.03960135951638222 -0.2879117727279663
v -0.11588248610496521 -0.1653343290090561 -0.07181384414434433
v 0.13998830318450928 -0.1816405951976776 -0.045586101710796356
v 0.09458331763744354 -0.3424910306930542 -0.16078758239746094
v 0.028697021305561066 0.1828766018152237 -0.08392050117254257
v 0.1908082515001297 0.03963189199566841 -0.28424835205078125
v -0.05601513385772705 -0.13075609505176544 0.12686599791049957
v -0.08353997021913528 0.06986115872859955 0.024104636162519455
v 0.17276541888713837 -0.06270596385002136 0.08255184441804886
v 0.06754328310489655 -0.047589004039764404 0.23531082272529602
v 0.19019928574562073 0.32067883014678955 0.1211642250418663
v -0.21155084669589996 -0.03630910441279411 0.2866440415382385
v -0.2039639949798584 -0.0989173874258995 -0.14441139996051788
v 0.10340181738138199 0.06824803352355957 -0.0024375373031944036
v 0.03634893521666527 0.15186640620231628 -0.06497856229543686
v 0.015296408906579018 -0.0284354817122221 -0.21963872015476227
v 0.025230033323168755 0.12754355370998383 -0.11608558893203735
v -0.01957382820546627 -0.37247809767723083 -0.027242515236139297
v 0.0727953165769577 -0.2767488956451416 -0.040484990924596786
v 0.055124543607234955 -0.018159169703722 -0.08325306326150894
v -0.12399806827306747 -0.12908436357975006 0.24619139730930328
v -0.09266840666532516 0.2635001838207245 0.034868527203798294
v -0.03162652999162674 -0.02946280874311924 -0.057067304849624634
v -0.28637275099754333 0.09597200155258179 -0.15864315629005432
v -0.153257355093956 0.16203181445598602 0.11010339111089706
v -0.0641612708568573 0.0863858312368393 0.09382183849811554
v 0.00485438946634531 0.030080249533057213 -0.039482295513153076
v -0.14401383697986603 0.2920098900794983 -0.06368961930274963
v -0.09120409935712814 -0.06882098317146301 -0.1355089545249939
v 0.16805486381053925 -0.02659611962735653 0.1364947408437729
v -0.011811327189207077 -0.09075716882944107 0.03876408934593201
v 0.12912853062152863 -0.33365267515182495 -0.09624973684549332
v 0.030426470562815666 0.3245231807231903 -0.10752221196889877
v 0.18390733003616333 0.029818475246429443 -0.0865950807929039
v 0.22381937503814697 -0.017761297523975372 0.017896311357617378
v -0.15086089074611664 0.13046912848949432 -0.0005128313787281513
v -0.015049480833113194 -0.22485841810703278 0.24975723028182983
v -0.11916682869195938 -0.023265818133950233 0.31036287546157837
v -0.18002764880657196 0.2458927482366562 0.1939275860786438
v 0.0341201052069664 -0.017682593315839767 -0.18113166093826294
v -0.1540122628211975 -0.0676562488079071 -0.2417343705892563
v -0.19081537425518036 0.14681044220924377 -0.23548607528209686
v 0.046041350811719894 -0.14048729836940765 0.048964884132146835
v 0.14111149311065674 -0.23521290719509125 -0.2472628653049469
v 0.15915735065937042 0.06544073671102524 -0.09337051212787628
v -0.17851503193378448 0.09579901397228241 0.09452205896377563
v -0.13488124310970306 0.149262472987175 -0.08601256459951401
v -0.22082123160362244 0.20795106887817383 -0.016070108860731125
v -0.0376950204372406 0.04231500253081322 0.06309458613395691
v 0.0715581476688385 -0.10734426230192184 -0.1531219482421875
v -0.26702776551246643 -0.04407389461994171 -0.08008482307195663
v -0.18425382673740387 -0.165291428565979 -0.2837844491004944
v -0.20386359095573425 0.2683236598968506 -0.240897998213768
v -0.23033377528190613 0.07960367947816849 0.2771690785884857
v -0.2705904543399811 0.24155044555664062 -0.11976566165685654
v -0.10913144052028656 0.10578012466430664 0.1888476461172104
v 0.01905612275004387 -0.019953712821006775 -0.09986826777458191
v -0.05511109158396721 0.12138833105564117 0.13810321688652039
v -0.047044701874256134 -0.36227238178253174 0.1402558833360672
v -0.14101183414459229 0.12399261444807053 0.25762778520584106
v 0.1614965945482254 0.005886349361389875 0.1642569601535797
v 0.006388475187122822 0.1439209133386612 -0.24033689498901367
v -0.1146777868270874 -0.13551463186740875 0.1562831848859787
v -0.2750774919986725 -0.11153660714626312 -0.028897903859615326
v -0.026193972676992416 0.06363251805305481 -0.20655430853366852
v 0.018463462591171265 0.14609313011169434 -0.04680994898080826
v 0.15553104877471924 -0.22957970201969147 0.3846597671508789
v -0.2275506854057312 0.24004773795604706 -0.061295654624700546
v 0.17938563227653503 0.30793869495391846 -0.03621652349829674
v -0.28984764218330383 0.15087838470935822 -0.04395722970366478
v -0.08246686309576035 0.19905823469161987 0.017359595745801926
v 0.023525649681687355 -0.12632881104946136 -0.13173863291740417
v -0.1890861988067627 0.26974785327911377 -0.03974119946360588
v -0.12056022137403488 -0.142149418592453 0.1935006082057953
v 0.04287632182240486 -0.14107808470726013 0.051536932587623596
v 0.1257578581571579 -0.17603595554828644 0.17773394286632538
v -0.03940928354859352 0.012546536512672901 0.036249060183763504
v -0.04946840554475784 -0.040855348110198975 -0.06929967552423477
v -0.2221558690071106 -0.1384042352437973 0.0904865562915802
v 0.13398700952529907 0.017582368105649948 -0.012528910301625729
v -0.10383397340774536 -0.03108859620988369 0.12683512270450592
v -0.0307159386575222 -0.13193923234939575 -0.2883070409297943
v -0.1674337238073349 0.09923561662435532 -0.14321093261241913
v -0.20522303879261017 0.08967895805835724 0.12898065149784088
v -0.032926034182310104 0.25782454013824463 0.06978246569633484
v -0.20559994876384735 0.12068387120962143 0.0400441512465477
v -0.13653425872325897 -0.002783980220556259 -0.12134592235088348
v 0.055011771619319916 0.0903257206082344 0.023446952924132347
v -0.23550613224506378 0.2399260252714157 -0.06668201833963394
v -0.18236492574214935 0.08805031329393387 -0.25240686535835266
v -0.014012687839567661 0.1484469324350357 0.2936049997806549
v -0.0055496892891824245 -0.23671144247055054 -0.24422115087509155
v 0.022469446063041687 0.007695657201111317 -0.050663162022829056
v -0.050803303718566895 -0.13025066256523132 -0.05614606663584709
v -0.24260880053043365 -0.0570409782230854 -0.16907082498073578
v 0.0852004736661911 0.060466088354587555 -0.022134507074952126
v 0.026259368285536766 -0.003872213652357459 -0.06035979092121124
v -0.13373135030269623 -0.03696473687887192 -0.1449124664068222
v 0.1402469426393509 -0.2688179612159729 0.022818515077233315
v 0.16316457092761993 -0.09343434870243073 0.13166555762290955
v -0.13781104981899261 0.04047941789031029 0.03084542043507099
v -0.07432915270328522 0.038469552993774414 0.10944251716136932
v -0.18414559960365295 -0.055067338049411774 -0.13706810772418976
v 0.0030094643589109182 -0.24212771654129028 0.06510191410779953
v -0.0853457823395729 0.17978404462337494 0.013944250531494617
v 0.01425428967922926 -0.04569591209292412 -0.05586644634604454
v 0.10316932201385498 -0.21989329159259796 0.08498910069465637
v -0.15547356009483337 0.05176505446434021 -0.09765220433473587
v 0.03622231259942055 0.1858779937028885 -0.02675814740359783
v 0.03259492293000221 0.13568450510501862 0.11794824153184891
v -0.03366752713918686 -0.0766131654381752 -0.23893098533153534
v -0.003447199473157525 0.08572624623775482 -0.06937198340892792
v 0.005060594994574785 0.14652420580387115 -0.1941668689250946
v 0.00043873314280062914 -0.12276279181241989 -0.03811399266123772
v -0.1357773095369339 -0.010172502137720585 0.04775286838412285
v 0.11762373149394989 -0.11046245694160461 -0.028556643053889275
v -0.0897628590464592 -0.07361020892858505 0.009138715453445911
v 0.2105812430381775 -0.04753733426332474 -0.007506883703172207
v -0.09844953566789627 0.14660786092281342 -0.11647293716669083
v -0.07842147350311279 -0.0388668030500412 -0.08382575213909149
v -0.23436148464679718 0.2059292048215866 -0.0669240653514862
v -0.10005194693803787 0.10244973748922348 -0.15704016387462616
v -0.18953347206115723 0.14491994678974152 0.04923701658844948
v -0.052011627703905106 -0.09743315726518631 -0.12104482203722
v -0.16786201298236847 0.08549068868160248 0.06361813843250275
v 0.11604390293359756 -0.05277205631136894 0.09881550818681717
v 0.05101626738905907 -0.14172561466693878 0.052554693073034286
v 0.07345083355903625 -0.12108883261680603 0.11161741614341736
v 0.0027722094673663378 0.0769038125872612 -0.10482847690582275
v 0.21934424340724945 -0.16967599093914032 -0.13377797603607178
v 0.011334778741002083 -0.17137616872787476 -0.12348534166812897
v 0.08522304892539978 0.11529799550771713 -0.10170234739780426
v -0.21075807511806488 -0.011462449096143246 -0.12933455407619476
v -0.18827973306179047 -0.039443910121917725 -0.14317409694194794
v 0.27327391505241394 -0.3459537625312805 0.010193637572228909
v -0.0674082338809967 -0.004667698405683041 0.03269372880458832
v -0.2524721622467041 -0.1557680070400238 0.07218816131353378
v -0.04052494838833809 -0.3126806616783142 -0.17287635803222656
v -0.02463715523481369 -0.11124838888645172 0.1340971440076828
v -0.14016272127628326 0.02374691143631935 -0.21618974208831787
v 0.09532159566879272 -0.24807673692703247 0.03980008512735367
v 0.09608203172683716 -0.0898093432188034 0.12920592725276947
v 0.3059401214122772 -0.11716576665639877 -0.14570127427577972
v 0.05934606492519379 -0.037624578922986984 -0.13953442871570587
v 0.05827541649341583 -0.06739374250173569 0.0032320779282599688
v 0.1472940295934677 -0.036474235355854034 -0.05408063903450966
v 0.11082528531551361 0.24906764924526215 -0.03389019891619682
v 0.16357138752937317 -0.003258888144046068 0.22179774940013885
v -0.05467621237039566 -0.2860175371170044 0.08499523252248764
v -0.1506776213645935 0.2049328237771988 -0.1444951742887497
v -0.12248692661523819 0.017881667241454124 0.0644557923078537
v 0.13183289766311646 -0.23554736375808716 -0.18296031653881073
v -0.17374984920024872 0.2537955939769745 0.2634430229663849
v -0.008702519349753857 0.032154977321624756 0.03137129917740822
v -0.07542143017053604 -0.12252920866012573 -0.11046990007162094
v 0.28338131308555603 -0.13040679693222046 0.22392912209033966
v 0.23874898254871368 -0.08352814614772797 0.287831574678421
v -0.16212108731269836 0.0015929174842312932 0.005533072166144848
v -0.03761398792266846 0.2135625034570694 0.18459317088127136
v 0.03012687899172306 0.019860634580254555 -0.06750722974538803
v 0.12310602515935898 -0.1014016792178154 0.06540901958942413
v 0.044182293117046356 -0.021727124229073524 0.20271435379981995
v -0.040198180824518204 -0.19773107767105103 -0.26984307169914246
v -0.25037527084350586 0.05313568562269211 0.06949654966592789
v -0.08805102854967117 0.00941519532352686 -0.058916836977005005
v 0.02157311886548996 -0.04006181284785271 0.06442251801490784
v -0.03307884559035301 -0.09273643046617508 0.0647692158818245
v -0.07024167478084564 -0.11078640818595886 -0.06542588770389557
v -0.031150270253419876 -0.016946811228990555 0.31183791160583496
v 0.07547313719987869 -0.008854524232447147 -0.12377801537513733
v -0.1277007907629013 0.3932135999202728 0.026652399450540543
v -0.14569289982318878 0.14305147528648376 -0.050242334604263306
v -0.0026876158080995083 0.13370268046855927 -0.044148191809654236
v 0.2051568180322647 -0.1739151030778885 0.31978824734687805
v -0.13361933827400208 0.1332503855228424 0.16905373334884644
v 0.13123448193073273 -0.0704445093870163 -0.04879307001829147
v -0.01789597049355507 0.31572866439819336 -0.20732994377613068
v -0.20612303912639618 -0.02928435616195202 -0.12010098993778229
v -0.2755661606788635 0.217713862657547 0.04907747730612755
v 0.26885512471199036 0.04335889592766762 0.2511296570301056
v 0.2420523464679718 -0.13802440464496613 -0.09871943295001984
v 0.16257968544960022 0.05877411365509033 -0.14875365793704987
v -0.16909387707710266 0.03786332905292511 0.2878526747226715
v -0.14810121059417725 0.09528002142906189 -0.0538732185959816
v 0.08269337564706802 -0.1173897311091423 -0.1857992559671402
v -0.12408427149057388 0.19272612035274506 -0.11666689813137054
v -0.20066604018211365 -0.1779165267944336 0.04711953550577164
v -0.22351539134979248 0.2969034016132355 -0.015422883443534374
v -0.11371809244155884 -0.10165400058031082 -0.11433764547109604
v -0.07000865042209625 0.1979091316461563 -0.06550148874521255
v -0.12501761317253113 0.012198591604828835 -0.2311660349369049
v 0.14928726851940155 -0.07960257679224014 0.025071490556001663
v 0.07133818417787552 -0.030568767338991165 -0.04608829319477081
v 0.3032815158367157 -0.07681538164615631 0.07500442862510681
v -0.006280694156885147 -0.09056223183870316 -0.11977263540029526
v 0.047793008387088776 -0.04254627600312233 0.0046954285353422165
v 0.0750325471162796 -0.006915554404258728 0.0011208883952349424
v -0.15245050191879272 0.07514750212430954 0.05692323297262192
v -0.20598167181015015 -0.22644254565238953 0.039839889854192734
v -0.24263285100460052 0.290778785943985 -0.013403116725385189
v -0.13782502710819244 -0.03224487975239754 -0.09830480068922043
v -0.12790656089782715 -0.03487030416727066 0.132602259516716
v 0.0902334600687027 -0.008726438507437706 0.057998090982437134
v -0.020859265699982643 -0.10145676136016846 -0.14124365150928497
v -0.1840251088142395 -0.3434998691082001 0.04676396772265434
v 0.01980622485280037 0.003670549253001809 -0.1424887329339981
v -0.25195685029029846 0.20423242449760437 -0.23181472718715668
v -0.13985033333301544 -0.28401944041252136 0.06063222512602806
v -0.08868532627820969 0.43599462509155273 -0.0443744920194149
v -0.13982175290584564 -0.21626915037631989 -0.15902896225452423
v -0.10787166655063629 -0.070827916264534 0.01986827701330185
v -0.1304524689912796 0.21956691145896912 -0.23296308517456055
v 0.0862237885594368 -0.09445925056934357 0.03225315734744072
v 0.02258097380399704 -0.07500328123569489 -0.24659031629562378
v -0.025199130177497864 -0.14371120929718018 -0.16166280210018158
v 0.1808178871870041 -0.07273349165916443 -0.24864643812179565
v 0.02366376481950283 -0.19730208814144135 0.09446343034505844
v -0.004904082044959068 0.04640433192253113 0.13190078735351562
v -0.0383562296628952 -0.05187290534377098 0.003520761150866747
v -0.01616242527961731 0.12515412271022797 -0.20353558659553528
v 0.023096414282917976 -0.266843318939209 0.0679742619395256
v -0.15309394896030426 -0.01420536171644926 -0.0765191987156868
v -0.23852166533470154 -0.02243722230195999 -0.02594817243516445
v -0.09748053550720215 0.07720618695020676 0.13511385023593903
v 0.034634027630090714 -0.07587780058383942 0.07020793855190277
v -0.17444029450416565 0.1079070121049881 0.08183398097753525
v 0.015589422546327114 -0.02759423293173313 0.06109236553311348
v -0.2462354302406311 0.19116932153701782 0.18009059131145477
v 0.0974980890750885 -0.24093572795391083 0.22388619184494019
v -0.23636740446090698 -0.16760113835334778 -0.25939175486564636
v -0.3162657618522644 0.3445951044559479 -0.2117910236120224
v -0.24271947145462036 0.23951685428619385 -0.059243008494377136
v -0.13767074048519135 -0.11352358013391495 -0.002951190806925297
v -0.13965415954589844 -0.2566325068473816 0.0842474028468132
v -0.18403156101703644 -0.21364861726760864 0.052853070199489594
v 0.02886526845395565 -0.04614834487438202 -0.043821826577186584
v -0.13030005991458893 -0.08588056266307831 -0.2191968858242035
v -0.1406545639038086 0.08125989139080048 0.05917690694332123
v 0.01820913515985012 0.07511554658412933 -0.1161564439535141
v 0.09635306149721146 -0.02787947468459606 -0.08219534903764725
v -0.1880243420600891 0.33454275131225586 0.3003169894218445
v -0.134852796792984 0.3081110417842865 0.08236169070005417
v -0.08231456577777863 0.20906808972358704 0.10167160630226135
v -0.09460216760635376 -0.040348902344703674 0.09362731873989105
v -0.19196730852127075 -0.1712486743927002 0.08942432701587677
v -0.13960635662078857 0.02629336155951023 0.1815977692604065
v -0.0975736677646637 -0.2826390266418457 -0.32862773537635803
v -0.2205786257982254 0.3688963055610657 0.027659157291054726
v 0.052763085812330246 -0.1720452606678009 -0.03954248130321503
v 0.029219256713986397 -0.06952301412820816 0.014837412163615227
v -0.14297299087047577 -0.09281634539365768 0.039591144770383835
v -0.16769656538963318 0.02321588806807995 0.01831698790192604
v 0.046495333313941956 0.002344816457480192 -0.07347265630960464
v -0.24090242385864258 -0.1372685432434082 -0.18805846571922302
v -0.17174872756004333 0.23109489679336548 -0.05142318829894066
v 0.21601428091526031 0.034827105700969696 0.04427517205476761
v -0.06058866158127785 -0.009108020924031734 -0.17218774557113647
v 0.030127985402941704 0.02375110052525997 -0.01940399408340454
v 0.26031044125556946 -0.09449173510074615 -0.023839743807911873
v -0.16486509144306183 0.04824792221188545 -0.07613123208284378
v 0.12840868532657623 -0.044310569763183594 -0.039049431681632996
v -0.23233123123645782 0.11794713139533997 -0.28305235505104065
v 0.018765443935990334 -0.12075967341661453 0.23082855343818665
v 0.020193420350551605 -0.07675077766180038 0.02087501809000969
v -0.027836531400680542 -0.09224800765514374 0.02382563427090645
v -0.09958591312170029 0.011457942426204681 -0.14958719909191132
v -0.09141641855239868 0.03293268755078316 0.12151136249303818
v 0.004177520051598549 0.030171871185302734 0.06530889123678207
v 0.04316742345690727 -0.018987486138939857 -0.0804242491722107
v -0.09250471740961075 0.1899544894695282 0.06691818684339523
v -0.11055488139390945 -0.0030500853899866343 -0.1778974086046219
v -0.15017537772655487 0.3597791790962219 -0.04450066387653351
v -0.16137351095676422 -0.10783646255731583 0.1240944191813469
v -0.1498924195766449 0.07289303094148636 0.06893140822649002
v -0.11873824894428253 0.10923311114311218 -0.11540856957435608
v -0.13482917845249176 0.20165656507015228 0.09853442758321762
v -0.1691962480545044 0.0008531109197065234 0.13601021468639374
v -0.06967230886220932 0.07750024646520615 -0.057200804352760315
v 0.19342650473117828 -0.07801428437232971 0.33557626605033875
v -0.1292147934436798 0.2450207620859146 -0.002124675316736102
v 0.10288707166910172 -0.2138981819152832 -0.06476554274559021
v -0.31675606966018677 0.21052411198616028 -0.1302889585494995
v -0.20471183955669403 0.01877208612859249 -0.07162771373987198
v -0.2214941531419754 0.4900630712509155 -0.04576049745082855
v 0.16139356791973114 -0.09858687222003937 -0.4363427460193634
v -0.03895692527294159 0.1293492317199707 0.004636305849999189
v -0.10201328992843628 -0.3433648347854614 0.31349465250968933
v -0.12111851572990417 0.023504693061113358 -0.04641063138842583
v 0.2693956792354584 -0.047532327473163605 -0.022648239508271217
v -0.13472053408622742 0.05643019080162048 0.1848488450050354
v 0.047735609114170074 -0.07892590761184692 -0.03504634648561478
v -0.00992942787706852 -0.136190727353096 -0.14521174132823944
v 0.004311883822083473 -0.013923287391662598 -0.12177963554859161
v -0.0686330571770668 -0.024896949529647827 0.04850113391876221
v -0.1532997339963913 0.2912769317626953 0.19709260761737823
v -0.042514752596616745 -0.060759007930755615 0.011206166818737984
v 0.3721173107624054 -0.3660070300102234 -0.19658328592777252
v 0.22405168414115906 -0.029107416048645973 -0.08531004190444946
v -0.08918105810880661 0.20247037708759308 -0.00416064728051424
v 0.1078738272190094 -0.12156543880701065 -0.023103678598999977
v -0.017801538109779358 -0.14380709826946259 0.11359987407922745
v 0.10199730843305588 -0.10888081043958664 -0.0637873038649559
v 0.048206478357315063 -0.0546514056622982 0.17066974937915802
v -0.14243409037590027 0.08593083918094635 0.049543965607881546
v -0.24153919517993927 -0.10709475725889206 -0.08197048306465149
v -0.20082634687423706 0.28955885767936707 0.06367652863264084
v -0.10278217494487762 0.04213862121105194 -0.16682590544223785
v 0.09290434420108795 -0.04194961488246918 -0.14514024555683136
v -0.04778595641255379 -0.04285958781838417 -0.14491625130176544
v -0.09018755704164505 0.007902895100414753 -0.0143715376034379
v -0.04761845991015434 0.029631976038217545 -0.052254367619752884
v 0.15906104445457458 0.03727065026760101 0.0944952443242073
v 0.09720911085605621 -0.10011930763721466 0.09604296833276749
v -0.02573738992214203 0.17830264568328857 0.10703670978546143
v -0.05355004221200943 0.06746680289506912 0.004065817221999168
v -0.009672923944890499 0.07460788637399673 0.15773317217826843
v -0.36261793971061707 -0.10032837837934494 -0.011862756684422493
v -0.19711141288280487 0.1765974462032318 0.017131639644503593
v 0.17364683747291565 -0.13012701272964478 0.10592427104711533
v -0.025905150920152664 -0.30320069193840027 -0.1205635592341423
v -0.10686296969652176 0.333340585231781 -0.14114691317081451
v -0.11557198315858841 -0.24064841866493225 0.06189736723899841
v -0.1769603192806244 -0.15371915698051453 -0.1820981651544571
v 0.0690971240401268 0.09388520568609238 -0.1302473545074463
v -0.0491897277534008 0.10565833747386932 0.01128062792122364
v -0.20848163962364197 0.14115984737873077 0.28077295422554016
v -0.01082869153469801 -0.01771337166428566 -0.1643122285604477
v 0.12987878918647766 -0.18575194478034973 0.2155534029006958
v -0.036552876234054565 -0.023950668051838875 0.09176472574472427
v 0.1546206772327423 -0.03430496156215668 -0.16578727960586548
v -0.01448690053075552 0.0011023279512301087 -0.003162751207128167
v -0.06801791489124298 -0.1821863353252411 -0.12776361405849457
v -0.1861923784017563 -0.0012342334957793355 0.015122546814382076
v -0.1958911418914795 0.22796273231506348 -0.28648439049720764
v -0.007850520312786102 -0.16466312110424042 0.08787663280963898
v 0.12117743492126465 -0.0973915085196495 0.041527945548295975
v -0.19217653572559357 -0.06165261194109917 -0.1409156620502472
v -0.016652148216962814 -0.02442125976085663 -0.02963225357234478
v -0.011497385799884796 0.04276053607463837 0.06289514899253845
v 0.06025507673621178 0.1340104192495346 0.15987083315849304
v 0.02387591078877449 -0.09644023329019547 -0.3010827600955963
v 0.10127309709787369 0.2902279496192932 -0.009845656342804432
v 0.09263966977596283 -0.2050485461950302 0.21781854331493378
v 0.2363748699426651 -0.01876205950975418 -0.1906389445066452
v -0.06413666158914566 0.23680368065834045 -0.1166650652885437
v 0.09404696524143219 -0.1411770135164261 -0.05646244063973427
v -0.21405988931655884 -0.18395520746707916 -0.08697526901960373
v -0.03478139638900757 -0.17987437546253204 -0.07675500959157944
v -0.10850048810243607 -0.10207746922969818 -0.3611060380935669
v 0.03825025632977486 0.2038351148366928 -0.00451816339045763
v -0.28025439381599426 -0.16044925153255463 -0.2610016167163849
v 0.02964247204363346 -0.1267898827791214 0.015683742240071297
v 0.061454810202121735 0.16030016541481018 0.1231210008263588
v 0.052924077957868576 0.12529225647449493 0.10801234841346741
v 0.2008066624403 0.16179674863815308 0.3074227273464203
v -0.18577957153320312 0.11787386983633041 -0.062459949404001236
v -0.18649955093860626 -0.01073458045721054 0.052199892699718475
v -0.14886252582073212 -0.18525934219360352 0.2591284215450287
v 0.062005627900362015 -0.39877375960350037 -0.2120058685541153
v -0.06504514813423157 -0.21903245151042938 -0.13091842830181122
v -0.021852657198905945 0.002977405907586217 0.15195219218730927
v 0.06742087006568909 -0.2735885977745056 0.01687738299369812
v -0.12203986197710037 0.25523874163627625 0.11556622385978699
v -0.07081274688243866 0.06425680220127106 0.06437630951404572
v 0.03280650079250336 -0.043992530554533005 -0.2104455977678299
v -0.06892281025648117 0.01917710155248642 -0.004144991748034954
v -0.1710902601480484 -0.028819866478443146 -0.02320004068315029
v 0.02393684722483158 0.12400474399328232 0.022377433255314827
v 0.11189860105514526 -0.07844675332307816 0.18380451202392578
v -0.06501702964305878 0.20956142246723175 -0.014800477772951126
v 0.037933580577373505 -0.03771397843956947 0.08957833796739578
v 0.04657123237848282 0.0716409683227539 0.03391697257757187
v 0.17020879685878754 -0.18379440903663635 0.216618612408638
v 0.11351571977138519 -0.11622156947851181 0.05640007182955742
v -0.23942416906356812 0.15585212409496307 -0.009119805879890919
v 0.17477938532829285 -0.024981914088129997 0.197890967130661
v -0.1552070677280426 -0.182962104678154 0.07467386871576309
v -0.11089299619197845 -0.17932696640491486 0.016584130004048347
v 0.04420638084411621 -0.0428285151720047 -0.09078706800937653
v 0.03314777463674545 -0.32005059719085693 0.07007710635662079
v -0.11985740065574646 0.2894234359264374 0.08096224814653397
v 0.11876386404037476 -0.004822812508791685 0.006619341671466827
v -0.24248294532299042 0.28864210844039917 -0.08273053169250488
v 0.2178604006767273 -0.050435639917850494 0.06476565450429916
v -0.07423405349254608 0.006287094205617905 0.02973579615354538
v -0.04945536330342293 -0.005316424183547497 0.19942398369312286
v -0.021673528477549553 -0.23985418677330017 -0.16135716438293457
v -0.13063479959964752 0.23485997319221497 -0.2478306144475937
v -0.17771698534488678 0.27163079380989075 0.04717864841222763
v -0.2095625251531601 0.36447423696517944 -0.003943350166082382
v 0.16020742058753967 -0.07505062222480774 0.14294132590293884
v -0.11074160784482956 -0.026129623875021935 0.092066191136837
v -0.05092368274927139 -0.06537223607301712 0.12550894916057587
v 0.1810300350189209 -0.2521032691001892 -0.12793682515621185
v -0.011719953268766403 0.08759825676679611 0.2036091834306717
v -0.011946477927267551 0.10974936187267303 0.2579672336578369
v -0.0652964785695076 -0.09706014394760132 0.017878318205475807
v -0.04128298908472061 -0.14272888004779816 -0.26833614706993103
v -0.4280652701854706 0.21547044813632965 -0.04732759669423103
v 0.08091766387224197 0.020000530406832695 0.15662552416324615
v 0.11404166370630264 0.06458574533462524 -0.023011768236756325
v 0.10365892946720123 -0.008193095214664936 0.0926615446805954
v 0.059706006199121475 -0.009229899384081364 -0.12341123819351196
v 4.573661499307491e-05 -0.006186375860124826 -0.04639885574579239
v -0.0013650155160576105 -0.03396745026111603 0.100138820707798
v 0.1999642550945282 -0.16522563993930817 -0.2040405422449112
v -0.044807154685258865 -0.2102726846933365 -0.08205988258123398
v -0.3230563998222351 0.17499838769435883 0.12781983613967896
v 0.023681476712226868 -0.2682200074195862 0.08093860000371933
v 0.02375704050064087 -0.10263285785913467 -0.21646559238433838
v 0.1796165406703949 0.13910450041294098 0.1471492052078247
v -0.14417020976543427 0.10083673149347305 0.029726026579737663
v 0.2597268521785736 -0.39874038100242615 -0.0939139872789383
v 0.12879058718681335 -0.03787738084793091 0.056143276393413544
v -0.12256437540054321 0.008062970824539661 -0.12763863801956177
v -0.02861216478049755 -0.015282513573765755 -0.09529958665370941
v 0.13605110347270966 0.044364459812641144 -0.06350099295377731
v 0.26867228746414185 -0.04372416064143181 0.02586366795003414
v 0.01907695271074772 -0.004030054900795221 -0.10433422774076462
v 0.22607892751693726 -0.05747591704130173 -0.10325150191783905
v 0.07795225828886032 -0.12498484551906586 -0.11899881809949875
v -0.029062235727906227 0.4378293752670288 -0.01784607395529747
v -0.26686325669288635 0.37048232555389404 -0.010258370079100132
v -0.03709143400192261 -0.09443171322345734 0.07364977896213531
v -0.12916116416454315 0.10392046719789505 -0.10403364896774292
v -0.25756803154945374 0.34641122817993164 0.18055883049964905
v 0.032160039991140366 -0.03303747996687889 0.054281577467918396
v 0.021396785974502563 -0.11314646154642105 0.19921790063381195
v 0.1136721596121788 0.062381353229284286 -0.08576952666044235
v 0.08663389086723328 0.08951178193092346 0.051580265164375305
v 0.00465639540925622 -0.018200824037194252 -0.13000836968421936
v 0.046922679990530014 0.037006791681051254 0.20767216384410858
v -0.23510509729385376 0.30301669239997864 -0.20595023036003113
v 0.007323913741856813 0.030505802482366562 -0.003740666899830103
v -0.13873401284217834 -0.05457503721117973 -0.07678688317537308
v -0.15346960723400116 0.14233165979385376 -0.19750197231769562
v -0.006589596625417471 -0.03255486115813255 0.19927045702934265
v -0.003946943674236536 -0.17821572721004486 -0.15164975821971893
v -0.05465879663825035 -0.06175800785422325 -0.025212250649929047
v 0.034143637865781784 -0.023316526785492897 -0.32565388083457947
v -0.11042620241641998 0.1401047259569168 0.06424323469400406
v -0.002454253612086177 -0.09518922865390778 0.010182119905948639
v 0.13865454494953156 -0.05791041627526283 -0.15985725820064545
v 0.04807143658399582 -0.19921168684959412 -0.07231350988149643
v 0.020421070978045464 0.05877850949764252 -0.0836082249879837
v 0.16867195069789886 -0.12212210893630981 0.07270250469446182
v -0.1816312074661255 0.07860350608825684 0.13293865323066711
v -0.04956794157624245 -0.1621444970369339 0.0953637883067131
v -0.05706237629055977 0.01753881387412548 -0.26740750670433044
v 0.15002387762069702 -0.2656826674938202 -0.12284304201602936
v 0.2663680911064148 -0.2976016104221344 -0.14626483619213104
v -0.15220986306667328 -0.06589045375585556 0.04104691743850708
v -0.13938529789447784 -0.23520438373088837 -0.07933168858289719
v 0.04118659347295761 0.045808449387550354 -0.08183622360229492
v -0.10222787410020828 -0.014033096842467785 -0.14117088913917542
v 0.07869048416614532 -0.02654506079852581 0.06011257320642471
v 0.009068387560546398 -0.03375573456287384 -0.11151699721813202
v -0.15323254466056824 -0.030667990446090698 0.12721408903598785
v -0.20120753347873688 0.122658371925354 -0.2285471260547638
v -0.1357545107603073 0.2641599476337433 0.0025238541420549154
v 0.09966647624969482 0.0044396365992724895 -0.10925625264644623
v -0.3812767267227173 0.17212069034576416 -0.03094671107828617
v 0.08518707007169724 0.12110759317874908 -0.049843475222587585
v -0.15164925158023834 0.1290951669216156 0.07940267771482468
v 0.10415487736463547 -0.11718713492155075 -0.06796404719352722
v -0.06297042220830917 0.13862769305706024 -0.01224096305668354
v 0.03346764296293259 0.14416958391666412 0.03640999644994736
v -0.17660196125507355 0.09710376709699631 -0.1700783371925354
v 0.060568295419216156 0.2178434133529663 -0.02729290910065174
v -0.10245311260223389 -0.05400771647691727 -0.06812694668769836
v -0.15425601601600647 0.0980013757944107 -0.068895123898983
v -0.11539007723331451 0.07520653307437897 0.13673503696918488
v -0.11349558085203171 -0.12137249857187271 0.03372957184910774
v -0.05555259808897972 0.11532436311244965 0.11872226744890213
v -0.045306283980607986 -0.02938324213027954 0.025650937110185623
v -0.005278731230646372 -0.12071529030799866 0.12698201835155487
v -0.029886780306696892 0.14964786171913147 0.04320424422621727
v 0.16464470326900482 -0.08599391579627991 -0.04270907863974571
v -0.11752573400735855 0.15306957066059113 -0.01774047687649727
v -0.030446019023656845 0.000324588967487216 -0.024555088952183723
v -0.00903140939772129 0.33313244581222534 0.17350012063980103
v -0.24937856197357178 0.09707748889923096 -0.021505525335669518
v -0.023389184847474098 0.2945059835910797 -0.22261254489421844
v -0.13259969651699066 0.08857887238264084 0.04358820617198944
v 0.2246669977903366 -0.3020242750644684 0.09785810858011246
v -0.10365131497383118 -0.039359625428915024 0.16715934872627258
v -0.19531504809856415 -0.10642547905445099 0.07579182088375092
v -0.12191007286310196 0.15885764360427856 0.1554090976715088
v -0.21218489110469818 0.06554342806339264 0.08852409571409225
v -0.12975852191448212 0.25937792658805847 0.03334091231226921
v 0.006786084268242121 0.02874559909105301 0.03191611170768738
v 0.038169313222169876 -0.12237150967121124 0.16125641763210297
v 0.18511955440044403 -0.02326301485300064 0.019666943699121475
v 0.09949670732021332 -0.014731397852301598 -0.040650200098752975
v 0.14964668452739716 -0.31477880477905273 -0.11674196273088455
v 0.00448498222976923 0.15059508383274078 -0.06502538174390793
v -0.18132254481315613 0.17942233383655548 0.025077464058995247
v -0.23509390652179718 0.21747387945652008 -0.06173066422343254
v -0.1504172384738922 -0.0041007958352565765 0.02847157046198845
v -0.021423056721687317 0.04196586832404137 0.06241403892636299
v -0.24292556941509247 0.2162792980670929 0.010927953757345676
v -0.0621221549808979 0.09882888942956924 -0.047507502138614655
v -0.13545170426368713 -0.20399458706378937 0.1158413216471672
v 0.035056743770837784 -0.09858950227499008 0.12641848623752594
v 0.08389120548963547 -0.13195152580738068 -0.027896055951714516
v -0.16378210484981537 0.1640171855688095 0.10978478938341141
v 0.21469596028327942 -0.0006269213045015931 0.059018008410930634
v -0.003179035848006606 0.09433545172214508 0.02317172847688198
v -0.07507894933223724 0.05196559056639671 0.027073923498392105
v -0.010976032353937626 -0.0742245465517044 0.030574310570955276
v -0.1270153671503067 0.05291510745882988 -0.13200241327285767
v -0.04699493199586868 -0.03965650126338005 0.16076287627220154
v -0.012737303040921688 -0.017792699858546257 0.12359172850847244
v -0.04769577831029892 0.21198509633541107 0.21970368921756744
v -0.17893171310424805 0.13811972737312317 0.18713489174842834
v -0.17965900897979736 -0.2552627921104431 0.12171861529350281
v 0.18317905068397522 -0.003103600349277258 -0.14413143694400787
v -0.05567793548107147 -0.12928292155265808 0.09369050711393356
v -0.06507524102926254 0.04828081279993057 -0.012003184296190739
v 0.044217031449079514 -0.1327066570520401 -0.20921090245246887
v -0.09731987118721008 -0.43399035930633545 0.1365416944026947
v 0.16155299544334412 -0.0563465915620327 0.07370705157518387
v -0.20860034227371216 -0.017530716955661774 0.177010178565979
v -0.041857559233903885 0.14338669180870056 -0.03928446024656296
v -0.14192616939544678 -0.3270042836666107 0.04529523476958275
v 0.03764186054468155 -0.11828496307134628 0.1151241734623909
v 0.11836976557970047 -0.11411426216363907 -0.18209195137023926
v 0.10302583128213882 0.012113247998058796 0.1305481195449829
v -0.039327606558799744 -0.105964295566082 0.10009229928255081
v -0.020368825644254684 -0.10269983112812042 -0.18929095566272736
v -0.11308389157056808 -0.20215286314487457 0.19798211753368378
v 0.007752781268209219 0.225144624710083 0.06699490547180176
v -0.1659637689590454 -0.411552369594574 0.008630909025669098
v 0.13300096988677979 -0.2753632962703705 0.18810926377773285
v -0.08897587656974792 0.14786304533481598 -0.028888996690511703
v -0.15695121884346008 0.276289165019989 -0.00927736610174179
v 0.13037703931331635 -0.24617618322372437 0.11332160979509354
v -0.018409060314297676 0.010726112872362137 -0.02933838963508606
v -0.05597202852368355 -0.16581885516643524 -0.10840046405792236
v 0.1226394847035408 0.09094060957431793 -0.04696271941065788
v -0.07440251111984253 0.19458480179309845 0.33517491817474365
v -0.10608692467212677 0.29267311096191406 0.0050765275955200195
v -0.19917096197605133 0.1764857918024063 -0.03551601618528366
v 0.04237416386604309 0.0802726298570633 -0.08234965056180954
v -0.049847561866045 -0.14635616540908813 0.20979495346546173
v 0.0198648851364851 -0.06246921047568321 0.17384976148605347
v -0.23493772745132446 0.1344337910413742 -0.21146440505981445
v 0.0018410846823826432 -0.13738137483596802 0.12754453718662262
v 0.0846622884273529 0.02432558499276638 -0.08260039240121841
v -0.09770232439041138 0.11611448228359222 0.33483800292015076
v 0.07607318460941315 0.04980851709842682 -0.08588431030511856
v 0.08011353760957718 -0.07090102881193161 -0.03897935897111893
v -0.1538393646478653 -0.015199719928205013 0.05328338220715523
v 0.16390223801136017 -0.11296655237674713 -0.09040915220975876
v -0.10070903599262238 0.21018730103969574 0.03612501174211502
v -0.07456181198358536 -0.02192814275622368 -0.15769407153129578
v -0.08265078067779541 0.13091368973255157 0.17173635959625244
v -0.09228798747062683 -0.07170026749372482 -0.00545107014477253
v -0.12033755332231522 -0.13555704057216644 -0.18940027058124542
v -0.12067405879497528 -0.03861895948648453 0.06766525655984879
v 0.1435934603214264 -0.04242841154336929 -0.04513688012957573
v -0.20527254045009613 0.22008441388607025 0.18330024182796478
v -0.20571646094322205 0.22460317611694336 0.22774484753608704
v -0.010144167579710484 -0.010583391413092613 -0.07904566079378128
v -0.1270114928483963 0.053332649171352386 0.18038499355316162
v -0.13999728858470917 -0.20802530646324158 -0.06207786127924919
v -0.09503497928380966 0.2381071299314499 0.13900136947631836
v 0.03843219205737114 -0.05468945577740669 0.01369392778724432
v -0.18523231148719788 0.2057407796382904 -0.008477777242660522
v -0.0710723027586937 -0.04737486690282822 0.06871093064546585
v -0.04302849620580673 -0.3003878891468048 0.11630474776029587
v 0.1902860850095749 0.1769232451915741 -0.24430690705776215
v 0.04779103770852089 -0.11339734494686127 -0.00932735949754715
v 0.027336109429597855 -0.3407410979270935 -0.09346099942922592
v -0.14529506862163544 -0.09834017604589462 0.01746317744255066
v 0.09029769152402878 -0.04465116560459137 0.13788345456123352
v -0.09791743755340576 0.13279160857200623 -0.03391425311565399
v 0.040467455983161926 -0.09328556060791016 0.11716252565383911
v -0.3093411326408386 0.25374045968055725 0.21022960543632507
v -0.014301450923085213 -0.036269426345825195 -0.005206795409321785
v -0.12812353670597076 0.023850541561841965 -0.19928234815597534
v -0.00037971395067870617 -0.13623256981372833 0.1848001778125763
v 0.2842943072319031 -0.014982471242547035 -0.22743062674999237
v -0.13708414137363434 -0.17740415036678314 0.1694829910993576
v -0.09638453274965286 0.03708069771528244 -0.20181910693645477
v 0.16032423079013824 0.379517138004303 0.20363761484622955
v 0.018113674595952034 -0.02361738495528698 0.04317611828446388
v -0.06250452250242233 -0.058806028217077255 0.10198863595724106
v 0.19275030493736267 -0.07471933215856552 -0.15716013312339783
v -0.21300294995307922 -0.12147218734025955 0.1635046899318695
v 0.11778441816568375 -0.07095176726579666 0.16488292813301086
v -0.21295380592346191 -0.17494826018810272 0.10594946891069412
v 0.12329231947660446 0.087331622838974 -0.1511189490556717
v 0.02951783500611782 -0.14287589490413666 -0.1716647744178772
v -0.01794542744755745 0.04564224183559418 0.18452294170856476
v 0.07941105961799622 -0.1303633600473404 0.044467367231845856
v -0.1775093376636505 0.011450943537056446 -0.006645033601671457
v -0.2532024383544922 0.23420082032680511 -0.14807800948619843
v -0.042420048266649246 -0.2857905626296997 0.05708186328411102
v 0.23489117622375488 -0.34549275040626526 -0.3175272047519684
v -0.04425308108329773 -0.12604324519634247 0.061232127249240875
v -0.06603892892599106 -0.008275884203612804 -0.13509739935398102
v 0.035719361156225204 -0.18319016695022583 -0.1617775708436966
v 0.1676967740058899 -0.09653981029987335 0.19764253497123718
v -0.0032974800560623407 0.1407894492149353 -0.2203153818845749
v -0.008371531032025814 -0.030795564875006676 -0.06987065076828003
v 0.19487732648849487 -0.3317647874355316 0.15133392810821533
v -0.1376151442527771 -0.12902210652828217 -0.3911774456501007
v 0.07524926960468292 0.05481908470392227 -0.19099412858486176
v -0.044034477323293686 -0.14082759618759155 -0.17732542753219604
v 0.03700137883424759 -0.25448817014694214 -0.21972373127937317
v -0.0005253502749837935 -0.2924354374408722 -0.023875689134001732
v -0.17410969734191895 0.07277112454175949 0.11298928409814835
v -0.01259209681302309 0.04204939305782318 -0.10909689962863922
v 0.08874492347240448 0.018064871430397034 -0.025436079129576683
v 0.17463096976280212 -0.09472779929637909 -0.062261201441287994
v -0.19997739791870117 0.2735874652862549 -0.022348133847117424
v -0.06047309562563896 -0.11739758402109146 0.24732773005962372
v -0.040552955120801926 0.2116672843694687 0.08085143566131592
v -0.10652589797973633 -0.22059272229671478 0.2891640365123749
v 0.32608410716056824 0.16007773578166962 0.08911502361297607
v -0.02321530133485794 -0.04592938721179962 -0.026734694838523865
v -0.15656305849552155 0.1491774469614029 -0.09702548384666443
v 0.009960249997675419 0.09956338256597519 -0.006248086225241423
v -0.07064945250749588 0.10929512977600098 0.18119339644908905
v 0.0422380156815052 -0.007094083819538355 0.027168745175004005
v 0.034545931965112686 -0.16491109132766724 -0.18608815968036652
v 0.1288934201002121 0.1571115255355835 -0.15716658532619476
v -0.02609100379049778 0.06891897320747375 -0.005796599667519331
v -0.1330430507659912 0.06219156086444855 0.046118855476379395
v 0.10962711274623871 -0.2162669599056244 -0.032109335064888
v -0.09252678602933884 0.18043668568134308 0.2346567064523697
v -0.06824863702058792 0.17100121080875397 -0.06368673592805862
v -0.11827823519706726 0.0358310341835022 0.06575484573841095
v -0.11187849938869476 -0.07907995581626892 -0.21339218318462372
v 0.14910376071929932 -0.36192232370376587 0.10501115769147873
v -0.11458144336938858 0.10300736874341965 0.022012624889612198
v 0.15443411469459534 0.0901021808385849 0.01373578142374754
v -0.0493713915348053 -0.2726638615131378 -0.11893757432699203
v -0.22334782779216766 0.04253644123673439 0.04954515025019646
v 0.18527358770370483 0.05769971013069153 0.0797855406999588
v 0.2136874794960022 0.034994885325431824 -0.10225590318441391
v 0.023793505504727364 -0.1889369934797287 -0.09142055362462997
v 0.06985124945640564 -0.1760769486427307 0.1252918839454651
v -0.18966005742549896 0.004948004614561796 -0.011341988109052181
v 0.21679410338401794 -0.2214638590812683 -0.009846830740571022
v 0.12057912349700928 0.08391568064689636 0.22947224974632263
v 0.10061229020357132 0.08473687618970871 0.005180401727557182
v -0.042743150144815445 0.22633573412895203 0.21397900581359863
v -0.14860478043556213 0.03740214928984642 0.05924750119447708
v 0.1149970218539238 0.07680312544107437 -0.09356369078159332
v -0.07711278647184372 0.07799172401428223 0.16278494894504547
v 0.17138607800006866 -0.14200957119464874 0.15857720375061035
v -0.10481167584657669 0.3187585473060608 -0.1494680494070053
v -0.09851741045713425 0.0701000988483429 0.006350889801979065
v 0.02115558087825775 -0.0064456891268491745 -0.0062700603157281876
v -0.09573488682508469 0.21356944739818573 0.14587292075157166
v -0.09494370967149734 -0.0279069971293211 -0.18584699928760529
v 0.14713934063911438 -0.2318502515554428 -0.14862635731697083
v -0.12538233399391174 -0.35022956132888794 -0.13076607882976532
v 0.12006503343582153 -0.06480630487203598 0.19347435235977173
v 0.14591334760189056 0.051836151629686356 -0.09783239662647247
v 0.043679967522621155 0.018404772505164146 0.13930977880954742
v -0.15166999399662018 0.014833332039415836 0.02762492187321186
v 0.12526917457580566 -0.0737668126821518 0.05636413022875786
v 0.08036288619041443 -0.20070703327655792 0.12618842720985413
v -0.026190951466560364 0.006996178533881903 0.21117188036441803
v -0.09946861863136292 -0.07765203714370728 -0.22733165323734283
v -0.2245093286037445 0.23898421227931976 -0.08332577347755432
v 0.0651404857635498 -0.08895137161016464 0.02628929913043976
v 0.1391715407371521 0.009579048492014408 0.12329895794391632
v -0.005010141991078854 -0.02815677411854267 0.010730345733463764
v -0.14719831943511963 0.36506667733192444 0.11114983260631561
v -0.1501951962709427 0.030955616384744644 -0.05772388353943825
v -0.19821801781654358 0.017558425664901733 -0.2941538095474243
v -0.050335463136434555 0.10472211986780167 0.020724479109048843
v 0.06131073087453842 0.25428950786590576 -0.14932949841022491
v -0.10489722341299057 0.07312924414873123 0.051486555486917496
v -0.06377311050891876 -0.2577146887779236 0.09128199517726898
v -0.013275458477437496 0.004110014997422695 0.06935765594244003
v 0.115550197660923 -0.14543548226356506 0.11259888857603073
v -0.09606665372848511 0.050956275314092636 0.18381623923778534
v -0.1344083845615387 -0.011955122463405132 -0.00318852043710649
v 0.03985990211367607 0.03114556148648262 0.025706566870212555
v 0.1690150797367096 -0.04200359061360359 -0.06826203316450119
v -0.09215836226940155 0.07872651517391205 0.11044302582740784
v -0.03339621424674988 -0.2057008445262909 0.0428389236330986
v -0.15161775052547455 0.10271503031253815 0.07302488386631012
v -0.13541008532047272 -0.08459057658910751 -0.22655847668647766
v -0.004727738909423351 0.032853588461875916 -0.20198550820350647
v -0.0651051253080368 -0.026369815692305565 -0.04342068359255791
v -0.113674096763134 0.03808099403977394 -0.03660851716995239
v -0.11805643141269684 0.17486287653446198 0.10834214091300964
v -0.30166321992874146 0.11109932512044907 -0.04198170825839043
v 0.17071092128753662 -0.10863008350133896 -0.1177143007516861
v 0.10947253555059433 -0.08934090286493301 0.16790282726287842
v -0.17747952044010162 0.032415203750133514 -0.1808457374572754
v -0.060713063925504684 0.0615411214530468 -0.11504072695970535
v -0.194756418466568 -0.2130885273218155 0.02146744728088379
v -0.20716968178749084 0.11002281308174133 0.15401586890220642
v 0.14660431444644928 0.054192058742046356 0.013316026888787746
v -0.01570206694304943 -0.1692136526107788 0.03651132062077522
v -0.01551708672195673 -0.14486971497535706 -0.3107539415359497
v 0.011607708409428596 -0.23552446067333221 -0.08777324110269547
v -0.0156717486679554 0.1537194401025772 0.07393065094947815
v -0.007749704644083977 0.05035509541630745 0.05040716007351875
v 0.050195250660181046 -0.059405386447906494 0.08499065041542053
v -0.18068784475326538 0.11746890097856522 -0.026338985189795494
v 0.030053768306970596 -0.25633567571640015 -0.09224707633256912
v 0.07707992196083069 -0.12875787913799286 0.0335676483809948
v -0.16645990312099457 0.14862394332885742 -0.034759026020765305
v 0.0513925701379776 0.057831451296806335 0.15652719140052795
v -0.2211594432592392 -0.21191376447677612 -0.1651073545217514
v 0.151596799492836 -0.1525820791721344 0.03769223392009735
v 0.23078663647174835 -0.11894755065441132 -0.09116555005311966
v 0.316078245639801 -9.619704360375181e-05 -0.20434167981147766
v 0.051023468375205994 -0.05501415953040123 0.0458654947578907
v -0.18101269006729126 0.22455422580242157 0.05345997214317322
v 0.09326518326997757 -0.16162623465061188 0.1647988110780716
v -0.10584308952093124 -0.017243919894099236 -0.3163391351699829
v 0.11562701314687729 -0.06456191837787628 0.039044804871082306
v -0.21240781247615814 0.09356168657541275 -0.10304684191942215
v 0.103297159075737 0.06240192428231239 -0.1788698136806488
v 0.3148169219493866 0.18816319108009338 -0.10364368557929993
v 0.10775621980428696 0.019599327817559242 0.0025781732983887196
v 0.11997660249471664 -0.031065601855516434 0.06450176984071732
v 0.16419750452041626 -0.1879458874464035 0.02074642851948738
v -0.032130464911460876 -0.21558837592601776 -0.2189280092716217
v 0.3292950391769409 -0.1513814628124237 0.4570499360561371
v 0.01723421923816204 0.06023922190070152 0.055466096848249435
v -0.12048429250717163 0.03308926895260811 0.06090753898024559
v -0.005783739034086466 -0.2677311897277832 -0.07823410630226135
v -0.014597268775105476 -0.12148993462324142 0.14235615730285645
v -0.11351656168699265 -0.02071855589747429 0.052500419318675995
v 0.060307323932647705 0.09712303429841995 0.09128350764513016
v -0.0008379549835808575 0.09849594533443451 0.17128658294677734
v 0.002338279504328966 0.022586965933442116 -0.09767749905586243
v -0.03803679347038269 0.18284909427165985 0.10887031257152557
v -0.07438995689153671 -0.02809870056807995 -0.03145838901400566
v 0.033133186399936676 0.04126512259244919 -0.12572406232357025
v 0.06848987191915512 -0.15378455817699432 0.21839356422424316
v -0.17532114684581757 0.08578529208898544 -0.08483333140611649
v -0.13995738327503204 -0.3987814486026764 -0.12924723327159882
v -0.08786726742982864 -0.07318369299173355 -0.004095696844160557
v -0.039327483624219894 0.050081610679626465 0.034168072044849396
v 0.3739622235298157 -0.10927071422338486 0.07432849705219269
v -0.2010117471218109 -0.1748167723417282 0.0301977451890707
v -0.029516084119677544 -0.11998184770345688 0.10572211444377899
v -0.12604135274887085 0.17930583655834198 -0.23033000528812408
v 0.0677788183093071 -0.1449136883020401 -0.14464420080184937
v -0.03104451484978199 0.06770046800374985 0.19792801141738892
v 0.19048041105270386 -0.18181098997592926 0.22766517102718353
v -0.06099120154976845 0.16816295683383942 0.2010354995727539
v -0.0732014998793602 0.017142565920948982 0.10100289434194565
v -0.11225159466266632 0.2680853307247162 0.13064706325531006
v 0.24587547779083252 0.0004868456453550607 -0.08680196106433868
v 0.15136253833770752 0.03595844283699989 -0.0717572346329689
v -0.3415454626083374 -0.13265295326709747 0.07612622529268265
v -0.18962882459163666 0.10845418274402618 -0.05099538341164589
v -0.2725933790206909 0.47294268012046814 -0.11651884019374847
v 0.08549241721630096 -0.12468258291482925 0.24017810821533203
v 0.2882298231124878 0.05184614658355713 -0.053293488919734955
v -0.002687817206606269 -0.14465466141700745 -0.2766435146331787
v -0.2142651230096817 0.10144289582967758 0.14524751901626587
v -0.009461616165935993 -0.09919552505016327 -0.06580927222967148
v -0.09828260540962219 0.12747988104820251 -0.17186734080314636
v -0.15084005892276764 0.03455018252134323 0.001855832408182323
v -0.17938825488090515 0.3715730905532837 -0.03631402924656868
v -0.07112158834934235 0.041162848472595215 -0.15282323956489563
v 0.01461072638630867 0.16472329199314117 0.12358250468969345
v -0.25846627354621887 -0.030902940779924393 -0.10980227589607239
v 0.029125861823558807 -0.125612273812294 -0.1758694052696228
v 0.17512375116348267 -0.22880537807941437 -0.09074312448501587
v 0.12264104187488556 -0.08346080780029297 0.05383269861340523
v 0.12502776086330414 -0.08113788068294525 0.09959037601947784
v -0.0914912223815918 -0.049390759319067 -0.10203441977500916
v 0.06167449429631233 -0.1426108181476593 0.003169961040839553
v -0.22993704676628113 0.19929622113704681 -0.08156707882881165
v -0.03614560514688492 -0.10092506557703018 -0.09573568403720856
v -0.12288587540388107 0.20408695936203003 -0.22040720283985138
v 0.04301564022898674 0.04420674964785576 0.3315959870815277
v -0.1593276560306549 -0.1282854676246643 0.11171796172857285
v -0.18157781660556793 0.1571885049343109 0.03370073065161705
v -0.09754079580307007 -0.2537485957145691 -0.0410364493727684
v 0.025462426245212555 -0.057207100093364716 -0.03955167531967163
v -0.21140781044960022 0.05109892413020134 -0.13974016904830933
v 0.2632738947868347 -0.10235956311225891 0.1397818922996521
v -0.23206256330013275 0.06883960217237473 -0.0998760387301445
v -0.17801102995872498 0.13492874801158905 0.30305254459381104
v -0.16522304713726044 0.17388519644737244 -0.15433089435100555
v 0.04739005118608475 -0.047848232090473175 -0.3394520580768585
v -0.02841056138277054 -0.2942805588245392 0.030985118821263313
v -0.04163619503378868 -0.08396907150745392 0.24290823936462402
v -0.2594093978404999 -0.18724586069583893 0.18637436628341675
v 0.24377986788749695 0.11839335411787033 0.20478475093841553
v 0.08688809722661972 0.12482962757349014 -0.13593392074108124
v -0.048746999353170395 0.3915295898914337 -0.11419668048620224
v -0.18386301398277283 0.1301245242357254 0.30861178040504456
v 0.08960692584514618 -0.2570512890815735 -0.019412633031606674
v 0.17826148867607117 0.10847385972738266 0.13183636963367462
v 0.2686075270175934 0.005097480025142431 -0.06197145953774452
v -0.1559898406267166 -0.005020210053771734 -0.043426916003227234
v 0.0010871280683204532 -0.038650594651699066 -0.02511330135166645
v 0.008492028340697289 -0.24193261563777924 0.09427816420793533
v 0.12558360397815704 0.08511999249458313 -0.16977138817310333
v 0.07585129141807556 -0.08787369728088379 -0.1254701018333435
v -0.13182944059371948 0.0547313429415226 -0.0018161606276407838
v -0.08598979562520981 -0.16148141026496887 -0.09748086333274841
v 0.10540788620710373 0.04059559479355812 0.22500194609165192
v 0.11240891367197037 0.21972006559371948 -0.1102292612195015
v -0.11639736592769623 -0.05775805562734604 -0.027200665324926376
v 0.09375959634780884 0.10225430876016617 -0.03616317734122276
v -0.22926028072834015 0.11233877390623093 0.1347196400165558
v -0.023898905143141747 -0.06373138725757599 0.10372995585203171
v 0.10889417678117752 -0.12434511631727219 0.0557769313454628
v -0.1121804416179657 -0.05469714105129242 0.19006873667240143
v -0.07088353484869003 -0.09381310641765594 -0.1783633977174759
v -0.07824593782424927 -0.04934200644493103 -0.06996621936559677
v -0.2263759821653366 -0.23025019466876984 -0.052800171077251434
v -0.06565772742033005 0.08220581710338593 0.04940299689769745
v -0.07163141667842865 -0.010654518380761147 -0.11933786422014236
v 0.08245430886745453 0.106211818754673 -0.09399764984846115
v -0.07300342619419098 -0.03145531192421913 0.08171328157186508
v -0.1284714639186859 0.037834182381629944 0.16375954449176788
v -0.12925031781196594 0.19814831018447876 -0.3128463327884674
v -0.08994559943675995 -0.0052213300950825214 0.054448287934064865
v -0.14311231672763824 -0.159261554479599 0.030528483912348747
v -0.18024785816669464 -0.02172660082578659 -0.07493056356906891
v -0.023306284099817276 -0.09338431805372238 0.25332844257354736
v -0.07990127056837082 -0.14467650651931763 0.31309881806373596
v -0.12046267837285995 0.0940675288438797 0.048414163291454315
v -0.21863050758838654 -0.0038266077172011137 -0.037638720124959946
v -0.16912077367305756 0.3262174725532532 0.05781787633895874
v -0.273823618888855 -0.1528029888868332 0.16444054245948792
v 0.08978565782308578 -0.06815503537654877 0.11992063373327255
v 0.09159491211175919 -0.40664494037628174 -0.18286490440368652
v -0.0720612108707428 0.023528972640633583 0.07734200358390808
v -0.14375947415828705 -0.015703029930591583 0.14880786836147308
v -0.16093532741069794 0.2281259000301361 0.061342354863882065
v -0.06745922565460205 -0.0449567474424839 0.11486326903104782
v 0.040425051003694534 -0.10341733694076538 -0.004639200866222382
v -0.14826294779777527 0.0035953368060290813 0.04671557620167732
v -0.06927309930324554 0.09071291238069534 0.07935459911823273
v 0.27585896849632263 -0.03593797609210014 -0.011786848306655884
v -0.10025613009929657 -0.0487811453640461 -0.1524277925491333
v -0.10982357710599899 0.32122957706451416 -0.10009351372718811
v -0.25450414419174194 -0.07332000136375427 -0.05432922765612602
v -0.3249356150627136 0.17198911309242249 0.04779650270938873
v 0.1541181057691574 0.048598214983940125 0.11820057034492493
v 0.025370091199874878 -0.2448931336402893 -0.20586103200912476
v -0.20391052961349487 -0.3198404312133789 -0.04709426686167717
v -0.023019986227154732 0.14206980168819427 0.1819564402103424
v 0.14927442371845245 -0.054988883435726166 0.05439429357647896
v 0.0020943733397871256 -0.28971368074417114 0.24427500367164612
v 0.15189799666404724 0.027369771152734756 0.20687860250473022
v -0.19984479248523712 -0.17301581799983978 0.03392482548952103
v -0.15675373375415802 -0.11965250223875046 0.0015080294106155634
v -0.1423991471529007 -0.2492520958185196 -0.21077294647693634
v -0.14596587419509888 0.07982189208269119 -0.07695777714252472
v -0.17423732578754425 0.08373991400003433 -0.1392287015914917
v -0.16366718709468842 0.246807262301445 -0.1751120239496231
v -0.053223349153995514 0.02099742367863655 -0.08927923440933228
v -0.04666909575462341 0.08268240839242935 0.2700939178466797
v 0.06168980151414871 -0.03591081127524376 0.19166260957717896
v 0.1090468019247055 -0.12626785039901733 -0.12833867967128754
v 0.15282370150089264 -0.05479918792843819 0.13478747010231018
v -0.1374899297952652 -0.0038967356085777283 0.11036111414432526
v -0.234728142619133 0.06851066648960114 0.11738725006580353
v -0.061328861862421036 -0.10068804770708084 0.08910690248012543
v -0.06571025401353836 0.002990186447277665 0.010691775940358639
v -0.07068315148353577 -0.21296057105064392 -0.24281272292137146
v -0.12173449248075485 0.19383853673934937 0.16671521961688995
v 0.12770505249500275 0.09815474599599838 0.09907315671443939
v -0.07936352491378784 -0.07131269574165344 0.026470093056559563
v 0.08375941962003708 -0.0773821547627449 -0.1439635008573532
v 0.015155896544456482 0.24167083203792572 -0.2279670387506485
v -0.2616584897041321 0.13023696839809418 -0.07054849714040756
v 0.12201464176177979 -0.13820309937000275 -0.1758710891008377
v 0.09983780235052109 0.05712950602173805 -0.09145063906908035
v 0.13497421145439148 -0.21287238597869873 -0.13616888225078583
v -0.17239390313625336 0.09274686872959137 -0.04104044660925865
v -0.06557226926088333 -0.02150949276983738 0.025971680879592896
v -0.12555313110351562 -0.01895386353135109 0.07553815096616745
v -0.004586112219840288 -0.10954877734184265 -0.012279474176466465
v -0.17173554003238678 0.2979590594768524 -0.07150428742170334
v 0.08129691332578659 -0.02906476892530918 -0.11471301317214966
v 0.01489153504371643 -0.04395868256688118 -0.2797712981700897
v -0.09000648558139801 -0.14476609230041504 0.1603073924779892
v 0.10402797907590866 -0.14351177215576172 -0.061741773039102554
v -0.1680838167667389 0.058826200664043427 -0.09999393671751022
v 0.1689678430557251 -0.15122877061367035 0.041771162301301956
v 0.12005596607923508 -0.13332438468933105 -0.06973269581794739
v 0.13047973811626434 -0.33686408400535583 -0.20817802846431732
v 0.026799466460943222 -0.05846544727683067 -0.03902390971779823
v 0.1212083250284195 0.07062802463769913 0.060413140803575516
v 0.17058725655078888 0.0926738977432251 -0.09728585183620453
v 0.08303284645080566 0.0038280233275145292 0.19454647600650787
v -0.05534277856349945 0.03673500567674637 0.003358262125402689
v -0.054553139954805374 -0.27706408500671387 -0.2228037416934967
v -0.19240979850292206 -0.3710685670375824 0.16498859226703644
v -0.07322677224874496 0.011241640895605087 -0.2440747618675232
v 0.26791995763778687 0.011640571989119053 0.037452444434165955
v -0.10669168829917908 0.0061253816820681095 -0.13552968204021454
v -0.13425417244434357 -0.06564321368932724 0.11553230881690979
v 0.03370515629649162 0.011949710547924042 0.08386630564928055
v -0.0770644024014473 -0.050865288823843 -0.06293202936649323
v 0.01901315711438656 -0.12114006280899048 0.1134512647986412
v -0.2094566375017166 -0.32998955249786377 0.09890864789485931
v 0.2038581818342209 -0.08544597029685974 -0.1585059016942978
v -0.2851100564002991 -0.12948423624038696 0.11790488660335541
v -0.044423725455999374 -0.09646406024694443 0.10501859337091446
v 0.006766981910914183 -0.01946227438747883 0.08353251218795776
v -0.0796361044049263 -0.07359423488378525 0.16748639941215515
v -0.12303916364908218 -0.19820202887058258 0.13885481655597687
v -0.10140826553106308 -0.08030308037996292 -0.025627313181757927
v -0.16088728606700897 0.25741931796073914 0.06622691452503204
v -0.07562953978776932 0.022612620145082474 0.0006458444404415786
v -0.11489912867546082 -0.15095402300357819 -0.16972023248672485
v -0.06000262871384621 0.10706311464309692 -0.24090476334095
v -0.1439293920993805 0.05425266921520233 -0.11203169822692871
v -0.07172049582004547 -0.02390996553003788 0.011764096096158028
v -0.2736330032348633 -0.012426544912159443 -0.16232351958751678
v 0.07983937859535217 0.004410655703395605 -0.14970742166042328
v -0.0353059247136116 -0.31865936517715454 -0.12626294791698456
v -0.16175487637519836 -0.1729174554347992 -0.05191080644726753
v 0.08848581463098526 -0.01063795480877161 -0.0978333055973053
v -0.1502171903848648 0.11264878511428833 0.05273214355111122
v 0.007433117832988501 -0.05308438837528229 0.052449122071266174
v -0.05658728629350662 -0.1249271035194397 0.1351149082183838
v -0.16896860301494598 0.0833420678973198 -0.02349197305738926
v -0.286713182926178 0.09073859453201294 -0.05564318224787712
v 0.06249978393316269 -0.05909397453069687 -0.03763055428862572
v 0.019555801525712013 -0.11699557304382324 -0.08330414444208145
v -0.15076260268688202 0.0871492326259613 -0.09960298240184784
v 0.09106255322694778 -0.12497669458389282 -0.07014897465705872
v 0.060592878609895706 0.014777940697968006 -0.011945552192628384
v -0.1424146145582199 0.025601351633667946 0.22484806180000305
v 0.12228522449731827 0.1746082752943039 -0.09296805411577225
v -0.06141616404056549 -0.1311413198709488 -0.1361706554889679
v 0.3838064968585968 -0.005708126816898584 -0.21616989374160767
v -0.189846932888031 0.1734936684370041 -0.00975358858704567
v 0.0843142420053482 -0.11325486749410629 -0.21721455454826355
v 0.13325640559196472 -0.05054940655827522 0.05458498001098633
v 0.32021087408065796 -0.34174638986587524 -0.07232264429330826
v -0.12378615140914917 0.037026576697826385 -0.1723855584859848
v -0.08982820063829422 -0.16235071420669556 0.16922886669635773
v -0.21110069751739502 0.16722604632377625 -0.03156781569123268
v -0.27791741490364075 -0.07347491383552551 0.011464599519968033
v -0.037821508944034576 0.04499261453747749 -0.18202003836631775
v -0.14995647966861725 -0.027285005897283554 -0.061523377895355225
v 0.18429486453533173 -0.14682945609092712 -0.10816000401973724
v -0.03074624389410019 -0.2077547013759613 -0.16649866104125977
v -0.02673918940126896 -0.05707192420959473 -0.08523029834032059
v -0.13739144802093506 0.07198675721883774 -0.07519886642694473
v 0.0522872619330883 -0.20745733380317688 -0.13233235478401184
v 0.15880100429058075 -0.08438146859407425 -0.06794242560863495
v -0.10546604543924332 0.03497236594557762 0.02413330227136612
v 0.2540561854839325 0.17121383547782898 0.05727776885032654
v -0.1766071319580078 -0.0961189791560173 0.1771666556596756
v 0.19617749750614166 0.1238122507929802 -0.11247806251049042
v -0.17343123257160187 -0.15500126779079437 0.026150967925786972
v 0.12168209254741669 -0.26279187202453613 -0.22097516059875488
v 0.0627862736582756 0.1585901528596878 0.09000080823898315
v 0.11385152488946915 -0.011072310619056225 0.23664440214633942
v 0.04523595795035362 -0.16926780343055725 -0.1365066021680832
v -0.026303021237254143 -0.2769377529621124 0.238909512758255
v -0.11115994304418564 -0.13039079308509827 -0.05274181440472603
v -0.10763785988092422 0.0962105467915535 0.20249375700950623
v 0.07727812975645065 -0.0649472177028656 0.06750278174877167
v 0.12412957102060318 -0.31856751441955566 0.0017844252288341522
v -0.08320410549640656 0.007870455272495747 -0.08034038543701172
v -0.17691148817539215 -0.05151228606700897 0.030374038964509964
v -0.042055871337652206 0.01614881306886673 0.09911511838436127
v 0.19928865134716034 -0.2629641592502594 -0.2133965641260147
v -0.2139003425836563 -0.11387453973293304 0.015669073909521103
v 0.030393531545996666 -0.04111647605895996 -0.07510720193386078
v -0.23731616139411926 -0.33623969554901123 0.2346128672361374
v -0.11492752283811569 0.3018590807914734 -0.185086190700531
v -0.07018040120601654 -0.2068702131509781 -0.09656570851802826
v -0.08626990765333176 0.20891696214675903 -0.1976563036441803
v -0.04393923655152321 0.0957319438457489 0.019414762035012245
v -0.14338305592536926 -0.20697112381458282 -0.05202603340148926
v -0.16596712172031403 0.2751823365688324 -0.12630167603492737
v 0.10191661864519119 -0.07420802116394043 0.005611857399344444
v 0.05274152383208275 -0.010517693124711514 0.09580341726541519
v -0.06451276689767838 -0.05878542363643646 -0.19166254997253418
v -0.022784432396292686 0.020678438246250153 0.0036833686754107475
v -0.16841067373752594 0.012743028812110424 -0.31323033571243286
v -0.044873517006635666 -0.027415189892053604 -0.08342820405960083
v -0.1347503960132599 -0.20315125584602356 -0.07049470394849777
v 0.13659720122814178 -0.3600497543811798 0.19484439492225647
v -0.17085090279579163 -0.09606698900461197 -0.08746226131916046
v -0.1066545620560646 -0.13358944654464722 0.11059378832578659
v -0.12249451130628586 -0.06405523419380188 -0.08475477993488312
v 0.136226624250412 -0.08919165283441544 -0.11225622892379761
v -0.31300199031829834 -0.1618037074804306 -0.10845492035150528
v 0.1599525660276413 -0.14109033346176147 -0.1263059675693512
v -0.10678506642580032 0.3990992605686188 -0.24152763187885284
v 0.005896862596273422 0.11402992904186249 0.18643197417259216
v -0.1816040426492691 -0.09135930985212326 0.12917041778564453
v 0.2220892459154129 -0.06601826846599579 -0.09817925840616226
v -0.02258847840130329 -0.1654399335384369 0.006268581375479698
v 0.06025497242808342 0.003003447549417615 0.1736014038324356
v -0.1334650069475174 0.1679416447877884 -0.14090029895305634
v -0.08573992550373077 0.1732148975133896 -0.05089356750249863
v -0.20216792821884155 -0.021491900086402893 0.03433120623230934
v 0.15025798976421356 -0.11201208084821701 0.186955526471138
v 0.07434248924255371 -0.1657814383506775 0.12081827968358994
v -0.03320153430104256 0.03150768578052521 -0.16574935615062714
v 0.03965563327074051 -0.05283873528242111 -0.03493357449769974
v -0.11082212626934052 0.009063929319381714 -0.05936259403824806
v -0.2513972222805023 -0.014720741659402847 0.08430258184671402
v -0.06236280873417854 0.01158138457685709 0.15097485482692719
v 0.11175002157688141 -0.07305650413036346 -0.07103940099477768
v -0.02105122059583664 0.2483510971069336 0.06817082315683365
v -0.06407975405454636 0.02551223337650299 -0.23817132413387299
v 0.029521502554416656 0.22565394639968872 0.15895400941371918
v -0.17883680760860443 -0.004560551606118679 -0.22724880278110504
v -0.20545552670955658 -0.0680602490901947 -0.015260676853358746
v -0.025937838479876518 -0.037121374160051346 -0.06066926196217537
v 0.29318341612815857 0.0013219412649050355 0.23117361962795258
v -0.06705938279628754 -0.12167119234800339 -0.17537954449653625
v 0.024211378768086433 -0.08412407338619232 -0.13010653853416443
v 0.3213747441768646 0.07808952033519745 0.13334400951862335
v -0.01608906500041485 -0.06663451343774796 0.023961111903190613
v -0.1159830242395401 0.16175855696201324 0.06666750460863113
v -0.16654759645462036 0.1366650015115738 0.07859133183956146
v -0.034807395190000534 -0.2913670241832733 0.16119837760925293
v -0.0030939464922994375 0.04525035619735718 0.07049651443958282
v -0.03701409325003624 -0.23278705775737762 -0.1177685484290123
v -0.2773478925228119 -0.028637152165174484 0.15165328979492188
v -0.15434394776821136 0.20573008060455322 0.0913470908999443
v -0.019707387313246727 -0.04785739257931709 -0.031088879331946373
v -0.033142976462841034 -0.08060982823371887 0.09082753956317902
v 0.11860069632530212 0.17002613842487335 0.24615882337093353
v 0.10271895676851273 0.14565427601337433 0.1251874715089798
v 0.001522700535133481 0.0035754432901740074 0.05724582076072693
v 0.11057507246732712 -0.07015856355428696 -0.12668688595294952
v 0.2166988104581833 -0.14337067306041718 -0.035384342074394226
v 0.0359826497733593 -0.0783061757683754 0.11636535823345184
v -0.11562987416982651 0.21942965686321259 -0.3857984244823456
v -0.3714722990989685 -0.06473247706890106 0.01675117388367653
v -0.12095112353563309 0.0011555585078895092 -0.045551884919404984
v 0.12547197937965393 -0.17819663882255554 -0.03840068727731705
v -0.06769949942827225 0.0605621375143528 0.005490497220307589
v -0.030738241970539093 -0.12943975627422333 -0.3383409380912781
v -0.03683067113161087 -0.144145205616951 0.003138898639008403
v -0.07155594229698181 0.36680397391319275 0.023979855701327324
v -0.06619370728731155 -0.07137487828731537 -0.12231007218360901
v -0.15751077234745026 -0.12523359060287476 -0.07001000642776489
v -0.13793717324733734 -0.07818153500556946 -0.09032419323921204
v -0.07563874870538712 0.04120338335633278 0.082149438560009
v 0.14801916480064392 -0.15559403598308563 -0.024047916755080223
v -0.1516363024711609 0.035146888345479965 0.08079733699560165
v -0.22826458513736725 0.049323610961437225 -0.08815156668424606
v -0.04634282365441322 0.2349955141544342 -0.2463541328907013
v -0.028943108394742012 -0.13369230926036835 -0.1247144415974617
v -0.2249939739704132 0.06568456441164017 -0.0942409560084343
v -0.07893966883420944 -0.12925559282302856 -0.051625192165374756
v -0.05424130707979202 -0.13535921275615692 0.16539832949638367
v -0.07278146594762802 -0.09066426008939743 -0.1611119955778122
v -0.19126851856708527 0.06188933178782463 -0.13059981167316437
v -0.15091392397880554 0.23413662612438202 -0.21136997640132904
v 0.028862137347459793 -0.24677148461341858 0.07911250740289688
v 0.15016105771064758 -0.09586784243583679 0.06317199021577835
v 0.03520265221595764 0.04527707397937775 0.2286340892314911
v 0.12202813476324081 -0.03670452535152435 -0.13664816319942474
v 0.13819196820259094 -0.09327124804258347 -0.0961383730173111
v -0.11586231738328934 0.16868384182453156 0.04438415914773941
v -0.09235334396362305 -0.02894795872271061 -0.14556476473808289
v -0.24398763477802277 -0.08150408416986465 0.09415479749441147
v -0.001833433983847499 -0.37958207726478577 -0.03819969668984413
v -0.21269336342811584 0.16655376553535461 -0.13586628437042236
v -0.1868659406900406 0.11818564683198929 0.060991235077381134
v -0.1375686377286911 0.3161889910697937 -1.9367093045730144e-05
v 0.20771202445030212 -0.1426784247159958 -0.16525396704673767
v -0.14246158301830292 0.23729589581489563 -0.11362873017787933
v -0.089552141726017 0.24976591765880585 -0.10168533772230148
v -0.14577993750572205 0.11035861819982529 0.15353067219257355
v 0.0695733055472374 -0.14962181448936462 -0.3663281202316284
v -0.09001405537128448 -0.008232328109443188 -0.19014829397201538
v -0.15817514061927795 0.12369269877672195 -0.03484218567609787
v -0.1557106375694275 0.07893452048301697 -0.4081425368785858
v 0.12477263063192368 -0.39300841093063354 0.06425081193447113
v -0.08881909400224686 -0.11261284351348877 -0.1857496201992035
v 0.26014241576194763 -0.17729529738426208 0.17996416985988617
v 0.05730979144573212 0.11408835649490356 -0.1266499161720276
v 0.11018906533718109 -0.07111375778913498 0.11254405230283737
v -0.07457546144723892 0.08955361694097519 -0.0030328617431223392
v 0.07705168426036835 -0.05979183688759804 -0.11668716371059418
v 0.04897027462720871 -0.3124125599861145 -0.21233141422271729
v -0.050394944846630096 0.0019882277119904757 0.10314921289682388
v -0.07646962255239487 0.015061065554618835 0.11467926949262619
v 0.1234368234872818 -0.14715810120105743 0.0475948303937912
v -0.14446397125720978 -0.046917982399463654 0.06351282447576523
v 0.013584587723016739 0.11637569218873978 0.0025577088817954063
v 0.11277381330728531 0.12905168533325195 -0.04779169708490372
v 0.12406943738460541 -0.06236256659030914 -0.13943588733673096
v -0.16633783280849457 0.28689756989479065 -0.06628072261810303
v -0.09425080567598343 0.09708499908447266 -0.21777048707008362
v 0.27990075945854187 -0.19125628471374512 -0.08832406252622604
v -0.1069040298461914 -0.1476024091243744 -0.013119908981025219
v 0.27434083819389343 0.09761399030685425 0.31833866238594055
v 0.08985956758260727 -0.08910953253507614 -0.14049388468265533
v -0.19479785859584808 -0.005262421909719706 -0.0007305580656975508
v -0.1248939260840416 0.010608990676701069 -0.025494949892163277
v -0.09937067329883575 0.013805141672492027 0.003933953586965799
v 0.11332467198371887 -0.2886812686920166 -0.00988986436277628
v -0.15614110231399536 0.21309645473957062 -0.04523688182234764
v -0.061895936727523804 -0.0710739865899086 0.09776197373867035
v -0.39008766412734985 0.13737300038337708 0.07083190232515335
v -0.19834661483764648 0.294624924659729 -0.04285589978098869
v 0.11872125416994095 0.009163846261799335 -0.1665143072605133
v -0.21602429449558258 -0.01602948270738125 -0.11273454129695892
v 0.1295163631439209 -0.03189016506075859 0.010239539667963982
v -0.07558544725179672 0.19932758808135986 -0.2251606434583664
v -0.06874118000268936 -0.041689321398735046 0.16499683260917664
v 0.10511218011379242 0.09637252986431122 0.03997919335961342
v -0.12369093298912048 0.10201895236968994 0.1682034134864807
v 0.0023039986845105886 -0.16079017519950867 -0.023004421964287758
v -0.08187243342399597 0.1601635366678238 0.4124873876571655
v -0.15030845999717712 0.005326754413545132 -0.2154025137424469
v -0.4714205265045166 0.10836967080831528 -0.09755311906337738
v 0.2014452964067459 0.0023284696508198977 -0.08688858151435852
v 0.02431539073586464 0.02987164817750454 0.19505231082439423
v 0.07320845127105713 -0.1346457600593567 0.10490772873163223
v -0.17859873175621033 0.2849936783313751 -0.0290315430611372
v -0.12877869606018066 -0.024564629420638084 -0.04772285372018814
v 0.11483467370271683 -0.16698695719242096 -0.07211044430732727
v -0.06115094944834709 -0.027354441583156586 -0.12173951417207718
v 0.2007112205028534 0.2629201114177704 0.1941845566034317
v 0.005452448036521673 -0.3129379451274872 0.1422424465417862
v 0.014001143164932728 -0.07406540215015411 -0.04448546841740608
v -0.16514739394187927 0.06376386433839798 -0.06299931555986404
v -0.04257141426205635 -0.014351348392665386 -0.06964396685361862
v -0.15368598699569702 0.10779542475938797 -0.10408096015453339
v 0.05173809826374054 0.05480531230568886 -0.22582247853279114
v 0.0214901901781559 -0.03858470544219017 0.10910287499427795
v -0.21852432191371918 0.18429647386074066 0.0718684270977974
v -0.239122211933136 -0.13261482119560242 -0.024924274533987045
v -0.10274380445480347 0.1098230704665184 -0.023919686675071716
v -0.071525938808918 0.1252225935459137 -0.026659958064556122
v -0.09436086565256119 0.18146300315856934 0.1515534520149231
v -0.18200437724590302 0.1220594123005867 -0.03534150868654251
v 0.07269313186407089 -0.047192707657814026 -0.215681254863739
v -0.058391571044921875 -0.03869419917464256 0.11288181692361832
v -0.13458643853664398 -0.05621641129255295 0.12169229239225388
v 0.06999093294143677 0.021836422383785248 0.02989664115011692
v -0.02682635560631752 0.05553148314356804 0.1963450312614441
v -0.11588294804096222 0.04310748726129532 0.11632494628429413
v -0.20631591975688934 0.08922751992940903 0.020423883572220802
v 0.023917589336633682 -0.01938997209072113 0.03999488428235054
v 0.16374757885932922 -0.2768758535385132 0.02547641098499298
v 0.21466362476348877 -0.25731441378593445 0.32157784700393677
v -0.08777491748332977 0.2102905660867691 0.058371394872665405
v -0.14410260319709778 -0.13013431429862976 0.17031535506248474
v 0.015041396953165531 0.06165389344096184 -0.14403919875621796
v -0.10340497642755508 0.04943380132317543 0.20013685524463654
v -0.10040153563022614 0.030723070725798607 0.07408515363931656
v 0.0035905262921005487 0.2541915774345398 -0.16328543424606323
v -0.1984235644340515 0.1804804503917694 0.03431738168001175
v -0.22025910019874573 -0.25513362884521484 0.21607905626296997
v -0.16540168225765228 0.23721326887607574 -0.1089898943901062
v 0.14344266057014465 -0.05839819833636284 -0.10485769808292389
v 0.03568492457270622 -0.16751006245613098 -0.015499002300202847
v -0.02247367985546589 0.11034812778234482 -0.024752434343099594
v -0.23768390715122223 -0.1672215312719345 -0.23486538231372833
v 0.15632610023021698 -0.14713306725025177 -0.05581948161125183
v 0.27943629026412964 -0.33968695998191833 0.28949448466300964
v -0.1397944986820221 0.21095217764377594 -0.11413096636533737
v -0.05781753361225128 -0.08364975452423096 -0.06550849229097366
v -0.12088584899902344 0.19860190153121948 0.26036807894706726
v -0.15157844126224518 -0.22315731644630432 -0.028820110484957695
v -0.3988174796104431 -0.0910516232252121 0.1405022144317627
v 0.014640538953244686 -0.08183830976486206 0.1234249398112297
v -0.05676127225160599 0.22026342153549194 -0.07040773332118988
v 0.011761248111724854 0.0465441569685936 -0.08892309665679932
v 0.12516745924949646 0.10305962711572647 0.04484163969755173
v 0.1274096518754959 -0.1400160938501358 0.04798051714897156
v -0.05932094156742096 -0.25142723321914673 0.11486627906560898
v -0.11076328903436661 -0.06734704971313477 -0.11936850100755692
v -0.305653840303421 0.1467391550540924 0.27466556429862976
v 0.04809461906552315 0.011310671456158161 -0.0101472157984972
v -0.04846346750855446 -0.10299861431121826 -0.06315754354000092
v -0.15729151666164398 -0.2272069901227951 0.13185034692287445
v -0.058156438171863556 -0.2766392230987549 0.21962441504001617
v -0.10694551467895508 -0.06573612987995148 -0.11898226290941238
v -0.08267960697412491 -0.028717372566461563 -0.11832835525274277
v -0.04595677927136421 -0.03821292147040367 -0.19065861403942108
v -0.16791868209838867 -0.0651034265756607 -0.18337474763393402
v -0.3682287931442261 -0.07742644101381302 0.2792567312717438
v -0.03745761886239052 0.08518121391534805 -0.10412044078111649
v -0.17199116945266724 0.010828969068825245 -0.16913560032844543
v -0.0067742327228188515 -0.018031561747193336 -0.03222788870334625
v -0.029180683195590973 -0.14986950159072876 -0.10827530920505524
v -0.03666715696454048 0.10613559931516647 -0.03235716372728348
v 0.024495039135217667 -0.26523810625076294 0.04912986233830452
v -0.27690455317497253 0.070142462849617 -0.12591829895973206
v -0.09963363409042358 0.13090825080871582 -0.14357317984104156
v -0.09443069994449615 0.10999295115470886 -0.08856462687253952
v -0.24784012138843536 0.04526001960039139 -0.11663953959941864
v -0.02290439046919346 -0.12544797360897064 -0.08411803096532822
v -0.14941756427288055 -0.01579536311328411 -0.18970216810703278
v -0.06873518228530884 -0.18313291668891907 -0.0508885495364666
v 0.17771103978157043 -0.09666690975427628 -0.05202636122703552
v -0.15072762966156006 -0.06665369123220444 0.030115358531475067
v -0.06911559402942657 -0.15860606729984283 0.18063779175281525
v -0.10439205914735794 0.09237144887447357 0.1638854742050171
v -0.19834259152412415 0.04348931834101677 -0.07372944802045822
v -0.09925491362810135 0.23219707608222961 -0.07190153002738953
v -0.02571236342191696 0.11650638282299042 0.18626031279563904
v 0.061049073934555054 0.032361648976802826 -0.18885913491249084
v 0.07946206629276276 -0.13713137805461884 -0.08682902902364731
v 0.10712547600269318 -0.045257166028022766 0.08463457971811295
v -0.06859754770994186 -0.1256362348794937 0.037655726075172424
v 0.11648653447628021 -0.08601006120443344 0.015853416174650192
v -0.14986243844032288 -0.02543799579143524 0.07711252570152283
v 0.12120220810174942 -0.15137743949890137 0.1516205370426178
v 0.13270054757595062 -0.20448870956897736 -0.06035634130239487
v -0.26402944326400757 0.18873831629753113 0.051814936101436615
v -0.10848519206047058 0.23409128189086914 -0.045238249003887177
v 0.21426941454410553 -0.49215152859687805 0.13961783051490784
v -0.24453794956207275 -0.12737059593200684 -0.04033971577882767
v -0.13762211799621582 0.18161451816558838 0.15326371788978577
v -0.024002309888601303 0.059217728674411774 0.0547519251704216
v 0.04630791023373604 -0.3792397677898407 -0.045158177614212036
v -0.14692147076129913 -0.09317558258771896 0.07656082510948181
v 0.11609365046024323 -0.049448754638433456 0.03144822269678116
v -0.07680235058069229 0.009662799537181854 -0.1422213613986969
v -0.4167192876338959 0.12284360080957413 -0.012016966938972473
v -0.18367204070091248 0.16056594252586365 -0.1265164315700531
v -0.15717510879039764 0.41375020146369934 0.16433586180210114
v -0.016319384798407555 -0.17370320856571198 -0.2220790982246399
v 0.03647745028138161 0.0023417340125888586 0.07195285707712173
v 0.028057601302862167 -0.15751290321350098 -0.10796140134334564
v -0.2779749631881714 0.18110838532447815 0.28653454780578613
v -0.26403558254241943 -0.07516126334667206 0.2105744630098343
v -0.24916063249111176 0.3429652452468872 -0.03191925212740898
v -0.179616779088974 0.10238136351108551 0.05025549232959747
v 0.08578632026910782 -0.2615377902984619 -0.059413451701402664
v -3.9081565773813054e-05 -0.12798528373241425 -0.059903331100940704
v -0.21814528107643127 0.13918602466583252 -0.0005289326654747128
v -0.014935757964849472 -0.045864906162023544 -0.050334468483924866
v 0.12361980229616165 -0.2022727131843567 0.1302422732114792
v -0.07507473230361938 0.20860180258750916 0.1909121572971344
v -0.13175424933433533 0.08534213900566101 -0.1803143173456192
v -0.15966923534870148 0.07775991410017014 -0.024066003039479256
v -0.08332644402980804 0.24196137487888336 0.06580331176519394
v -0.17161346971988678 -0.2865050733089447 0.08298101276159286
v 0.04814920574426651 -0.08074057102203369 -0.017157815396785736
v -0.05568630248308182 -0.07855662703514099 -0.04572414979338646
v -0.11018388718366623 0.1061241552233696 0.09912662953138351
v -0.23775562644004822 0.24070844054222107 0.18831808865070343
v 0.07480580359697342 0.05074238404631615 0.032675474882125854
v 0.10653197765350342 -0.1201271191239357 -0.005224540829658508
v -0.2440224438905716 0.21827086806297302 -0.16334420442581177
v 0.23812970519065857 -0.13337379693984985 -0.16745425760746002
v -0.09001937508583069 0.0803254172205925 0.038202423602342606
v -0.1117347776889801 0.005809450522065163 0.04787182807922363
v 0.015476572327315807 0.03976695239543915 0.05760655924677849
v -0.057351723313331604 -0.13509802520275116 0.05018050968647003
v -0.06446649134159088 0.33303695917129517 -0.006536696571856737
v -0.15395791828632355 0.021522745490074158 -0.011994225904345512
v -0.12197728455066681 -0.00300231808796525 0.1985725611448288
v 0.07432852685451508 -0.014245651662349701 0.07147394865751266
v -0.1265338659286499 -0.13330022990703583 0.019721219316124916
v -0.06635721772909164 -0.08273863792419434 0.003491749754175544
v -0.08331800252199173 0.09957779198884964 -0.22089381515979767
v 0.1499980241060257 0.04899999499320984 -0.09574627131223679
v 0.14635580778121948 -0.09554851055145264 0.14713647961616516
v -0.00471081817522645 -0.2651720643043518 0.05003682151436806
v 0.12155510485172272 -0.04220878705382347 -0.06606247276067734
v 0.06183629855513573 -0.10802093148231506 0.024878844618797302
v -0.044550247490406036 -0.10984025150537491 0.2738441526889801
v -0.18595480918884277 0.005214150063693523 0.07957511395215988
v -0.28578269481658936 0.10831499844789505 0.3293212652206421
v 0.16921746730804443 -0.0675346627831459 -0.1796581745147705
v -0.09057509899139404 0.170046865940094 0.15767735242843628
v -0.20123085379600525 -0.2362530678510666 0.21724417805671692
v 0.19358353316783905 0.026073163375258446 -0.1109536662697792
v -0.0732705146074295 -0.04616415128111839 0.0025714216753840446
v -0.09967684000730515 0.04921291396021843 0.13664263486862183
v -0.12423515319824219 -0.2837100923061371 0.14277079701423645
v -0.04261677339673042 0.3544021546840668 -0.02237006276845932
v -0.1206137016415596 0.11633237451314926 -0.22269712388515472
v 0.007978289388120174 -0.06093478575348854 0.15730653703212738
v 0.0930425301194191 -0.12707175314426422 -0.05713431537151337
v 0.12785561382770538 3.835040843114257e-05 -0.025701947510242462
v -0.12367749214172363 0.06570813059806824 -0.0012360254768282175
v -0.046177927404642105 0.056450724601745605 0.1683703064918518
v -0.2342897355556488 0.21607905626296997 0.028961418196558952
v 0.12061559408903122 -0.05034315586090088 -0.16368845105171204
v -0.15349215269088745 0.2199484258890152 0.08764467388391495
v -0.052520282566547394 -0.29054924845695496 0.019645316526293755
v 0.07006029784679413 -0.21133500337600708 -0.01767887733876705
v -0.2989838421344757 0.02458268590271473 0.0985785722732544
v -0.02326074056327343 -0.12108656764030457 0.0794191062450409
v -0.03189054876565933 -0.15983857214450836 -0.158432736992836
v 0.02059423364698887 -0.07155811786651611 0.012538440525531769
v 0.015979023650288582 0.027110744267702103 0.1357347071170807
v 0.09486809372901917 -0.16487114131450653 -0.10537167638540268
v -0.12509579956531525 0.10879109799861908 -0.012025795876979828
v -0.13116824626922607 -0.16037194430828094 -0.14117363095283508
v -0.010682884603738785 -0.116606205701828 -0.1868431121110916
v 0.04486376792192459 0.013065654784440994 -0.25259363651275635
v 0.20151396095752716 -0.4322225749492645 0.028275689110159874
v -0.200181245803833 0.2059236317873001 -0.06569629162549973
v -0.12017670273780823 0.004911159165203571 0.005369316320866346
v -0.011972791515290737 0.10484913736581802 -0.2363031655550003
v 0.034045614302158356 -0.006904368754476309 0.11326263099908829
v -0.25377705693244934 0.08009372651576996 -0.1538713127374649
v -0.04022457078099251 -0.3656723201274872 -0.17020678520202637
v -0.01783270388841629 0.02168143540620804 0.12628112733364105
v -0.039077773690223694 -0.11584920436143875 0.18009600043296814
v 0.11255764961242676 -0.12381821125745773 0.27239790558815
v -0.009243163280189037 -0.16073699295520782 0.0195012204349041
v 0.04560299217700958 0.027191264554858208 0.13098447024822235
v 0.022551853209733963 -0.14381730556488037 0.12893417477607727
v -0.2318035215139389 0.3706205189228058 -0.16851453483104706
v -0.1075928807258606 -0.17509476840496063 -0.050374530255794525
v -0.0972011461853981 0.11778644472360611 -0.15089668333530426
v -0.10753464698791504 0.1560915857553482 0.09346628934144974
v 0.11136967688798904 0.0024942492600530386 0.1312178671360016
v 0.05241354927420616 -0.14721699059009552 0.03315351530909538
v -0.08052761107683182 0.24877867102622986 -0.09021426737308502
v -0.15989775955677032 0.16520299017429352 -0.06752729415893555
v -0.033981408923864365 0.18689504265785217 0.027900027111172676
v -0.11910158395767212 0.0014720613835379481 0.023385418578982353
v -0.17927713692188263 0.168342724442482 -0.07569275051355362
v 0.008907799609005451 0.0008451900212094188 0.0337083674967289
v 0.13836856186389923 -0.012418690137565136 -0.14301162958145142
v 0.08939318358898163 -0.24966205656528473 0.11230695247650146
v 0.06919599324464798 -0.04057558625936508 -0.002501805080100894
v -0.022818291559815407 0.039968736469745636 -0.13136008381843567
v -0.08192086964845657 -0.10917417705059052 -0.0880190059542656
v 0.1489204466342926 -0.266164094209671 -0.0568060576915741
v -0.11013676226139069 0.10868372768163681 0.30701228976249695
v 0.133628249168396 -0.15736186504364014 -0.0019152798922732472
v 0.15062583982944489 -0.09645207971334457 0.06773874163627625
v -0.03949963301420212 -0.11161739379167557 0.10849069803953171
v 0.15210767090320587 -0.06288791447877884 -0.09052272140979767
v -0.1219405010342598 -0.009760817512869835 0.15997964143753052
v 0.21780608594417572 -0.09390221536159515 -0.08364490419626236
v 0.07464298605918884 -0.07250961661338806 -0.3589422106742859
v 0.1288243681192398 -0.27577781677246094 -0.21552346646785736
v -0.18514592945575714 -0.22769153118133545 0.025303702801465988
v -0.11302860826253891 -0.10501819103956223 0.1559220552444458
v 0.005766409914940596 -0.1427074372768402 0.10754339396953583
v -0.24188676476478577 -0.18792656064033508 0.06440026313066483
v 0.0903194323182106 0.09515693038702011 0.09882571548223495
v -0.01647362858057022 -0.018589789047837257 -0.08015355467796326
v 0.15957963466644287 -0.12394405901432037 0.12864933907985687
v -0.05262996628880501 -0.38054409623146057 -0.18046757578849792
v -0.13504165410995483 0.03830244764685631 -0.11340771615505219
v -0.12701933085918427 -0.11600615084171295 0.01882619597017765
v 0.01625102199614048 -0.24633044004440308 -0.09730295836925507
v -0.09787099063396454 -0.18103748559951782 0.045376867055892944
v 0.012058128602802753 0.27122020721435547 0.2702100872993469
v -0.08654120564460754 -0.1089608371257782 -0.012754198163747787
v -0.019420914351940155 0.0681908130645752 -0.06655777245759964
v 0.007604002952575684 0.08157652616500854 -0.054716672748327255
v -0.017873430624604225 -0.0077589452266693115 0.013738347217440605
v 0.06230606883764267 -0.14396069943904877 0.08434426039457321
v -0.13603144884109497 0.10130053758621216 -0.19876089692115784
v -0.036859363317489624 -0.034899771213531494 0.2551501393318176
v -0.0828094407916069 0.09171076864004135 -0.046374473720788956
v 0.029219815507531166 -0.00992534402757883 -0.07838056981563568
v 0.0070528434589505196 0.2303975373506546 -0.06450167298316956
v -0.14053034782409668 0.019882524386048317 -0.0921345129609108
v -0.17736487090587616 -0.008835920132696629 -0.008500589057803154
v 0.034907758235931396 0.08078323304653168 0.026977483183145523
v 0.11176713556051254 -0.09053541719913483 -0.14137326180934906
v -0.21781262755393982 -0.014681481756269932 0.0529828779399395
v -0.15686792135238647 -0.03156764805316925 -0.16696998476982117
v -0.21094173192977905 0.03448980301618576 0.184291273355484
v 0.24726153910160065 -0.08489499986171722 0.10403498262166977
v 0.23068736493587494 -0.03659357130527496 -0.0395686998963356
v 0.15381599962711334 -0.33726316690444946 -0.35725080966949463
v -0.20430782437324524 -0.3065646290779114 -0.1695270538330078
v -0.21067921817302704 0.2717202603816986 0.09083704650402069
v -0.20754332840442657 -0.04747556895017624 0.09485889971256256
v -0.04595848172903061 0.04767486825585365 0.08369334787130356
v -0.12007743865251541 0.09104925394058228 0.0008483329438604414
v -0.09694778919219971 0.22642149031162262 -0.1549820601940155
v 0.2659667134284973 -0.14584960043430328 0.0542990081012249
v -0.147507905960083 0.2185923308134079 -0.007017241325229406
v -0.2137983739376068 0.03766674920916557 0.17403492331504822
v -0.15000641345977783 0.10390841215848923 0.10371226817369461
v -0.12518881261348724 0.2281888723373413 0.02403872087597847
v 0.3274945616722107 -0.1083417758345604 -0.014509569853544235
v -0.10285710543394089 0.05029509961605072 -0.013675136491656303
v -0.20509034395217896 0.28117895126342773 -0.029649784788489342
v -0.15565527975559235 0.1953643411397934 0.05455876141786575
v -0.1515917330980301 0.0613027960062027 -0.002072199247777462
v 0.11013906449079514 -0.06333000957965851 -0.04729574918746948
v 0.012066871859133244 0.059747617691755295 0.1005132719874382
v 0.14717334508895874 -0.12931673228740692 -0.15545029938220978
v 0.1281546652317047 0.08470048010349274 0.1499072015285492
v -0.09752389043569565 -0.1900031566619873 -0.15976883471012115
v 0.12644843757152557 -0.11870460957288742 0.11740315705537796
v 0.023492392152547836 -0.05560233071446419 -0.18142661452293396
v -0.04450080171227455 -0.07401427626609802 -0.2820807993412018
v 0.14283838868141174 -0.04943806305527687 -0.00885520689189434
v -0.10522633790969849 0.0999877080321312 -0.0980827808380127
v 0.07504832744598389 -0.08800651878118515 0.10113026201725006
v -0.15696336328983307 0.09897084534168243 0.1360570788383484
v -0.12725192308425903 0.27487003803253174 0.13802894949913025
v -0.06977802515029907 0.24442408978939056 -0.15523281693458557
v -0.1677256077528 -0.29702505469322205 0.2532048225402832
v 0.11614885181188583 -0.28872430324554443 0.08085022121667862
v -0.20660951733589172 0.18365830183029175 -0.14164412021636963
v -0.009298529475927353 -0.06813657283782959 0.23851922154426575
v -0.14724740386009216 0.07545473426580429 -0.039587005972862244
v 0.11537732183933258 0.07134377211332321 -0.32303303480148315
v -0.20364782214164734 0.1657732129096985 0.028697973117232323
v -0.16644516587257385 0.3068601191043854 -0.11257587373256683
v 0.025378772988915443 -0.23580868542194366 0.29420122504234314
v -0.1825590431690216 0.080035500228405 0.013067102059721947
v 0.04587703198194504 -0.029597174376249313 0.07444724440574646
v 0.1063963994383812 -0.08236762136220932 0.12345516681671143
v -0.06947225332260132 0.027472607791423798 0.23508262634277344
v 0.09547211974859238 0.22829145193099976 0.10517533123493195
v -0.09908576309680939 -0.09367286413908005 -0.14631474018096924
v 0.2390378713607788 -0.4887457489967346 -0.15536871552467346
v -0.16791757941246033 0.08344165235757828 0.0329756997525692
v -0.05050501227378845 0.13489778339862823 -0.1389913707971573
v -0.14776119589805603 0.10594430565834045 0.23428204655647278
v 0.18965187668800354 -0.308627188205719 -0.11607261002063751
v -0.26382917165756226 -0.0639132633805275 -0.01977708376944065
v 0.09373394399881363 -0.042325299233198166 0.08651537448167801
v -0.2790446877479553 0.06094062700867653 0.15974625945091248
v -0.08778427541255951 0.06737734377384186 0.01183352805674076
v 0.09512791782617569 0.07439089566469193 0.03340080380439758
v 0.13560649752616882 -0.20009632408618927 -0.12334618717432022
v -0.2053457796573639 -0.14385510981082916 -0.027367541566491127
v -0.058349769562482834 -0.012689108960330486 -0.06877640634775162
v -0.15639206767082214 -0.12512585520744324 -0.08514951914548874
v -0.06131026893854141 -0.17994043231010437 0.05210564285516739
v -0.0920129120349884 0.2635265290737152 -0.2534250319004059
v 0.04486755654215813 -0.10115239024162292 0.291330486536026
v -0.08947428315877914 0.2809413969516754 -0.17448481917381287
v -0.0980418249964714 -0.18117235600948334 0.25149795413017273
v -0.33583271503448486 -0.019725818186998367 -0.04336092248558998
v -0.11236997693777084 0.14563708007335663 -0.1107858419418335
v 0.05811648815870285 -0.015743665397167206 0.09677154570817947
v -0.19400568306446075 -0.07380621880292892 -0.0772344172000885
v 0.04331674054265022 0.023471008986234665 0.09018169343471527
v -0.21936041116714478 -0.06655684113502502 -0.06049652770161629
v -0.1384141743183136 0.09517660737037659 -0.08201760798692703
v -0.031027324497699738 -0.03678373619914055 0.011614966206252575
v 0.06588432192802429 -0.15769676864147186 -0.009441085159778595
v -0.0160211194306612 -0.04412083700299263 -0.12690286338329315
v -0.10378559678792953 -0.08192247152328491 0.010421744547784328
v 0.21439631283283234 -0.06649933755397797 0.05033739656209946
v 0.013036591932177544 -0.04331579804420471 0.04766855761408806
v -0.26954057812690735 0.10707231611013412 -0.09796667844057083
v 0.002454922767356038 0.3065730035305023 0.07950256764888763
v -0.0964345782995224 0.3841492533683777 -0.007767733186483383
v -0.07523829489946365 -0.0535576157271862 0.042416203767061234
v -0.18470434844493866 0.33234846591949463 -0.09213397651910782
v -0.21722471714019775 0.156246155500412 -0.024167409166693687
v -0.12481812387704849 0.1112871989607811 -0.2332361936569214
v -0.13853561878204346 -0.03282851725816727 -0.020385457202792168
v 0.028709910809993744 0.20324069261550903 0.16983376443386078
v 0.05520496517419815 -0.1980854868888855 -0.12515568733215332
v -0.0547146275639534 -0.1442105770111084 0.0038482171948999166
v -0.012738648802042007 -0.1530638486146927 0.23638403415679932
v -0.10824082046747208 0.27457961440086365 0.06512031704187393
v 0.004021712578833103 0.14156250655651093 0.08996806293725967
v -0.029045304283499718 -0.18907691538333893 0.036964576691389084
v -0.21105435490608215 0.1400202512741089 0.011146859265863895
v -0.029362671077251434 -0.07521964609622955 0.0026301497127860785
v 0.167811781167984 -0.10345841944217682 -0.03588676080107689
v -0.15791155397891998 -0.020113835111260414 -0.17753471434116364
v -0.037171706557273865 -0.05057867243885994 0.12410918623209
v 0.08810983598232269 0.0008218620787374675 0.1417297124862671
v -0.18952083587646484 -0.18041151762008667 0.07964178919792175
v -0.026213882490992546 -0.1251380890607834 -0.04544210806488991
v -0.10304632037878036 0.14429956674575806 0.04583418369293213
v -0.17917385697364807 0.3058110475540161 -0.01955335959792137
v -0.11342713981866837 0.210534006357193 -0.0031054045539349318
v 0.16897651553153992 0.09902683645486832 -0.39803168177604675
v -0.10897549241781235 0.09860818088054657 0.11226943135261536
v 0.17700746655464172 -0.20615994930267334 -0.14741505682468414
v -0.055990200489759445 -0.01771407574415207 0.00786462239921093
v 0.24076247215270996 -0.14502087235450745 0.09207314252853394
v 0.09328404068946838 -0.22103658318519592 -0.20452941954135895
v -0.16159676015377045 0.03579188510775566 0.06007283926010132
v 0.05110400170087814 -0.0641482025384903 -0.24619325995445251
v -0.06872185319662094 0.044932570308446884 0.1679026484489441
v 0.2075798362493515 -0.08888214081525803 -0.04598209634423256
v 0.03426855802536011 0.07525355368852615 0.07928821444511414
v -0.08180735260248184 0.2809855341911316 0.12182068824768066
v 0.09344159811735153 -0.028092646971344948 0.0670056864619255
v -0.029709024354815483 -0.07131136953830719 -0.08198391646146774
v -0.007236657664179802 -0.042719848453998566 -0.2308397889137268
v -0.14302203059196472 -0.3161303699016571 -0.1744040846824646
v -0.13868345320224762 0.05763731896877289 -0.006196736823767424
v -0.030716804787516594 0.0956321433186531 0.22264574468135834
v -0.05525877699255943 -0.022113502025604248 -0.14865368604660034
v -0.32515749335289 -0.0933789536356926 -0.3119458556175232
v -0.3389724791049957 0.15169888734817505 0.15718048810958862
v 0.0042648278176784515 -0.017888158559799194 -0.0987895205616951
v 0.02833736501634121 0.09481753408908844 -0.13761383295059204
v -0.09746628254652023 0.14017342031002045 0.17280517518520355
v 0.1833939254283905 -0.17699173092842102 0.3361847698688507
v 0.04038076102733612 0.005374494940042496 -0.07780276238918304
v 0.14207711815834045 -0.07081906497478485 -0.01418254990130663
v -0.16795288026332855 0.2496156543493271 -0.08898095041513443
v -0.20444057881832123 0.36898043751716614 0.030841998755931854
v -0.14644324779510498 0.008238445967435837 0.15697945654392242
v -0.21761853992938995 0.0992542952299118 -0.1811189204454422
v -0.097749263048172 -0.18434849381446838 0.2515634000301361
v 0.26749998331069946 -0.21564848721027374 0.04681476205587387
v -0.08072714507579803 -0.05052192136645317 0.03862931579351425
v -0.15225087106227875 0.043066754937171936 -0.14740455150604248
v -0.09389184415340424 0.12017945945262909 0.051894571632146835
v -0.06351055949926376 0.07382901012897491 0.08187887817621231
v -0.0005915403598919511 0.10679874569177628 -0.044430624693632126
v -0.08811421692371368 0.08531033247709274 -0.16150625050067902
v 0.02868548221886158 0.11899994313716888 -0.22623269259929657
v -0.13225533068180084 0.048086341470479965 0.1500472128391266
v -0.11457432061433792 0.02181372418999672 0.05023747682571411
v -0.26756542921066284 0.0036526797339320183 0.08337872475385666
v 0.07345367223024368 -0.15592598915100098 0.10787714272737503
v -0.31292495131492615 0.21019522845745087 -0.12658053636550903
v -0.11930150538682938 -0.2281181961297989 0.022932039573788643
v -0.1490585058927536 0.24598775804042816 -0.09409847110509872
v -0.2363288849592209 0.2293059527873993 0.03841691464185715
v -0.15555135905742645 -0.06063489243388176 0.11005328595638275
v -0.18159271776676178 0.21040719747543335 0.050236139446496964
v -0.01732628233730793 -0.07171572744846344 -0.03744770959019661
v 0.03703659027814865 -0.10261479020118713 0.1784040331840515
v -0.09338520467281342 -0.0594058595597744 -0.062194086611270905
v -0.20586836338043213 0.1083567813038826 -0.20012764632701874
v -0.0812520757317543 -0.12886829674243927 0.04859685152769089
v -0.20126798748970032 -0.13961417973041534 0.16900114715099335
v -0.16364046931266785 0.300677627325058 -0.04587050899863243
v -0.018295377492904663 -0.23957911133766174 0.00910997949540615
v -0.06772863119840622 -0.1077054962515831 0.016058489680290222
v 0.010186852887272835 0.06837651878595352 -0.12918132543563843
v -0.28818362951278687 0.06372389942407608 0.2746724784374237
v 0.008732025511562824 -0.04343028739094734 0.02096070908010006
v 0.04358635097742081 -0.022561537101864815 0.058825839310884476
v 0.12392812967300415 -0.011014243587851524 -0.01173712220042944
v -0.026722978800535202 -0.11821122467517853 0.1102827787399292
v -0.17100243270397186 0.27775120735168457 0.03631413355469704
v -0.12883086502552032 -0.01521877758204937 -0.10235798358917236
v -0.20562678575515747 0.18587754666805267 -0.08421332389116287
v -0.113565593957901 -0.17067889869213104 -0.11033640801906586
v -0.07761561870574951 0.00641247583553195 -0.041976772248744965
v 0.1514737457036972 -0.13610880076885223 -0.10957536846399307
v 0.18011924624443054 -0.17021138966083527 0.11964890360832214
v 0.2094278633594513 -0.14464129507541656 0.2566477060317993
v 0.12559007108211517 -0.020159590989351273 0.11527736485004425
v -0.04943423718214035 0.17756785452365875 -0.01777677983045578
v 0.17372040450572968 0.016464577987790108 -0.08167669922113419
v -0.08326570689678192 0.007349164225161076 0.06979816406965256
v -0.09523821622133255 0.24992570281028748 -0.05336197093129158
v -0.0861826241016388 -0.1937149614095688 0.011491880752146244
v 0.2049599289894104 -0.09191687405109406 0.09359579533338547
v -0.028032204136252403 0.008671462535858154 -0.07224927842617035
v -0.16665804386138916 0.1845959722995758 -0.13502272963523865
v 0.01169505063444376 -0.3049306869506836 -0.08170244097709656
v -0.14992649853229523 0.011802696622908115 0.0933743566274643
v -0.12725098431110382 0.1898478865623474 0.16598249971866608
v -0.017125815153121948 -0.23525649309158325 -0.17755916714668274
v -0.19667741656303406 0.32723069190979004 -0.09249816834926605
v -0.16221179068088531 0.08950718492269516 0.028799550607800484
v -0.037965450435876846 0.0771712064743042 -0.10572914779186249
v -0.05879488214850426 -0.05834875628352165 -0.032613929361104965
v -0.1513877511024475 0.16130395233631134 0.08829433470964432
v -0.13962168991565704 0.31152695417404175 -0.050888147205114365
v -0.016959283500909805 -0.017453383654356003 -0.05964967608451843
v -0.17345868051052094 0.00011184805043740198 0.08502823859453201
v -0.052363816648721695 -0.3009216785430908 0.15961623191833496
v -0.06854313611984253 0.16490985453128815 -0.0431525819003582
v -0.17656303942203522 0.21484211087226868 -0.15489184856414795
v 0.10496687889099121 -0.06602875888347626 0.06602776050567627
v -0.02501864731311798 -0.07815121114253998 -0.27676352858543396
v -0.25425249338150024 -0.4487074911594391 -0.0679207369685173
v 0.09347875416278839 -0.0804491937160492 0.23937703669071198
v -0.025020593777298927 -0.0050791227258741856 -0.07962454110383987
v 0.15066063404083252 -0.11466673761606216 -0.14250527322292328
v -0.23236021399497986 0.2668375074863434 -0.24997025728225708
v 0.010411195456981659 -0.12019817531108856 0.17038144171237946
v 0.2812202274799347 -0.07692424207925797 0.17435812950134277
v -0.21268980205059052 -0.14069022238254547 0.017598966136574745
v -0.08901278674602509 -0.25220221281051636 -0.12021762132644653
v 0.12010292708873749 -0.16369283199310303 -0.15301097929477692
v 0.08980084955692291 -0.16656382381916046 -0.26145032048225403
v 0.26211613416671753 0.08166538178920746 -0.11134746670722961
v -0.2654118835926056 0.2637026906013489 0.03001123107969761
v 0.01981194317340851 -0.027741670608520508 0.012318774126470089
v 0.04601829871535301 0.1903645396232605 0.07489752024412155
v -0.17766796052455902 -0.18411897122859955 -0.08291182667016983
v 0.18153977394104004 0.002066985936835408 0.010211050510406494
v -0.2675562798976898 0.0637737587094307 -0.0806710496544838
v -0.16767235100269318 -0.23189443349838257 0.02468147687613964
v 0.061240557581186295 0.01076242420822382 0.05838097631931305
v -0.062185704708099365 0.13337209820747375 0.0364103801548481
v -0.2326182872056961 -0.02118370495736599 -0.16034817695617676
v 0.03397002071142197 -0.10114982724189758 0.19597704708576202
v 0.10496379435062408 -0.10614586621522903 -0.1339031159877777
v -0.23291219770908356 -0.14933404326438904 0.028615955263376236
v -0.13775135576725006 -0.1594400554895401 0.09144512563943863
v -0.1592705100774765 -0.07103528827428818 -0.0460173524916172
v 0.04735978692770004 -0.213875874876976 -0.02909577079117298
v -0.1030191108584404 -0.031075265258550644 -0.05222855880856514
v -0.03384224697947502 -0.15235759317874908 -0.16107632219791412
v -0.140315443277359 -0.01704803854227066 0.05190853402018547
v 0.016409780830144882 0.03752882778644562 0.07871855050325394
v 0.012079176492989063 -0.4208502471446991 0.0531906895339489
v -0.27831894159317017 -0.13133539259433746 0.15895365178585052
v 0.16505573689937592 0.10667675733566284 0.12842212617397308
v 0.030983678996562958 0.017351580783724785 0.09645828604698181
v 0.15054845809936523 -0.017440788447856903 0.09175517410039902
v -0.15036435425281525 -0.12949077785015106 0.015784529969096184
v -0.07082472741603851 -0.04938492178916931 0.14285169541835785
v -0.15200477838516235 0.16861698031425476 0.10680297762155533
v -0.035095516592264175 -0.06404232978820801 0.23282214999198914
v 0.371987521648407 -0.11382893472909927 -0.210354283452034
v -0.12053996324539185 0.024820534512400627 0.08730651438236237
v 0.4115132689476013 -0.08623925596475601 -0.15063437819480896
v -0.12618184089660645 0.2542687654495239 0.021841101348400116
v -0.24348200857639313 0.14977124333381653 0.11070414632558823
v 0.10656251013278961 -0.10198697447776794 -0.0514553003013134
v -0.11448030173778534 -0.29982754588127136 0.1420723795890808
v -0.10761778056621552 0.1506282091140747 0.11487414687871933
v 0.03735360503196716 -0.22729559242725372 0.017458917573094368
v -0.02728688158094883 -0.23892830312252045 0.13793718814849854
v -0.13295768201351166 -0.028786325827240944 -0.11106711626052856
v -0.23519252240657806 -0.0010263577569276094 0.08448351174592972
v -0.14243778586387634 0.03393438085913658 0.21533946692943573
v -0.1265416145324707 0.228953018784523 -0.0328175388276577
v -0.3030144274234772 -0.08184436708688736 0.1642356812953949
v -0.02369232289493084 -0.04222353920340538 0.10664843022823334
v -0.08698288351297379 -0.15720736980438232 0.12924131751060486
v 0.1885824203491211 -0.10591456294059753 -0.15158019959926605
v -0.20224948227405548 0.1908789724111557 0.014287177473306656
v 0.04130542650818825 0.19948077201843262 -0.12265201658010483
v 0.259014368057251 -0.10865814983844757 -0.22535304725170135
v 0.21837452054023743 -0.2143082618713379 -0.22777797281742096
v -0.21332630515098572 0.2601154148578644 -0.05080476775765419
v -0.03839750587940216 -0.02114010974764824 -0.22049054503440857
v -0.05038076266646385 0.0324612557888031 -0.07162626087665558
v 0.12882588803768158 -0.3135509192943573 0.09322496503591537
v 0.0988616868853569 -0.07304410636425018 0.04428960010409355
v 0.07074722647666931 0.004291682969778776 0.20357681810855865
v -0.0008339851628988981 0.001764973159879446 0.2585183382034302
v -0.13434407114982605 0.10600322484970093 -0.13361281156539917
v -0.15834061801433563 0.1532064825296402 0.148491770029068
v -0.006357467267662287 -0.07693014293909073 -0.17297980189323425
v -0.1561523675918579 0.049028463661670685 -0.15150032937526703
v 0.04056116193532944 -0.15558931231498718 0.11080815643072128
v -0.19814564287662506 0.16433624923229218 0.004168492741882801
v -0.21557991206645966 0.10937762260437012 0.21425607800483704
v -0.13636843860149384 0.11808817088603973 -0.13590140640735626
v 0.05529361963272095 -0.2400621622800827 0.052587997168302536
v -0.04946465045213699 -0.07809977233409882 0.012760141864418983
v -0.08270147442817688 -0.2431831955909729 0.029035016894340515
v 0.08274529874324799 -0.07084493339061737 0.010514060966670513
v -0.21677252650260925 -0.20899339020252228 0.28479519486427307
v -0.034763652831315994 0.26232749223709106 -0.10079377144575119
v -0.10086159408092499 0.13616986572742462 0.04284106567502022
v -0.14013038575649261 -0.02120376005768776 0.15858782827854156
v 0.1442825049161911 -0.22210784256458282 0.0470854789018631
v -0.03284391760826111 -0.06338703632354736 -0.10039739310741425
v -0.027443166822195053 -0.16396497189998627 -0.09517518430948257
v -0.02760767936706543 0.03594094142317772 -0.049587320536375046
v 0.00015678818454034626 0.06681269407272339 0.22066783905029297
v -0.0827842652797699 0.28180620074272156 0.04053479805588722
v -0.06746190786361694 -0.1825999915599823 -0.08938096463680267
v -0.09347552806138992 0.033902574330568314 -0.07224195450544357
v 0.1741245836019516 -0.2423832267522812 0.19506514072418213
v -0.21463598310947418 0.2551227807998657 -0.04776779189705849
v 0.0771423876285553 -0.21210002899169922 0.1828366070985794
v -0.10812090337276459 0.1795906126499176 0.11534978449344635
v 0.010731620714068413 -0.02760380692780018 -0.11088443547487259
v 0.008053266443312168 -0.06959657371044159 0.02639400213956833
v -0.09374764561653137 -0.2477329522371292 -0.031015262007713318
v 0.10378682613372803 0.15647093951702118 -0.14519940316677094
v -0.19667735695838928 0.2448282539844513 0.23302939534187317
v -0.16311495006084442 0.2031821608543396 -0.06224715709686279
v -0.13745827972888947 0.2856271266937256 0.06998106092214584
v -0.22752150893211365 -0.010312128812074661 -0.09929892420768738
v -0.08456852287054062 -0.0054710619151592255 0.16336873173713684
v 0.19371257722377777 -0.04501824826002121 0.03293141350150108
v -0.054643213748931885 0.02736828848719597 -0.025063319131731987
v 0.462918758392334 -0.3171529471874237 -0.0029472336173057556
v -0.23145364224910736 -0.33442792296409607 -0.2012929916381836
v -0.09201919287443161 -0.11199327558279037 -0.16102255880832672
v 0.01791778765618801 -0.2966296076774597 0.0820360854268074
v 0.14626511931419373 0.08100923895835876 0.07241188734769821
v -0.13276740908622742 0.1486705243587494 -0.014985719695687294
v -0.05118576064705849 -0.053438618779182434 -0.05834253132343292
v -0.18102148175239563 0.258046418428421 0.2474404275417328
v 0.07611778378486633 -0.01653110608458519 -0.2024819403886795
v -0.050274670124053955 -0.11718489974737167 -0.18241213262081146
v 0.18156026303768158 -0.02258208952844143 -0.2013542801141739
v 0.0475228987634182 0.024748587980866432 0.11284645646810532
v -0.07866784930229187 -0.17573510110378265 -0.05948570370674133
v -0.17655858397483826 0.24754922091960907 -0.07904822379350662
v 0.05919082835316658 0.24434331059455872 0.10574334859848022
v -0.2074742615222931 0.19996587932109833 -0.041008807718753815
v -0.14868392050266266 -0.014422581531107426 -0.021346786990761757
v -0.16929824650287628 0.30657312273979187 -0.10072074830532074
v 0.1207418292760849 0.05030323192477226 0.020833557471632957
v -0.178336039185524 0.018193982541561127 0.12090803682804108
v -0.17866960167884827 0.13052895665168762 0.03007500059902668
v -0.08026093244552612 0.27448537945747375 -0.0958806648850441
v 0.02810141257941723 0.04474408179521561 0.26340311765670776
v -0.08984488248825073 -0.08604371547698975 -0.029943648725748062
v -0.12491389364004135 0.02606208622455597 -0.02739042229950428
v 0.03326982632279396 0.05961252748966217 0.08750245720148087
v 0.12747126817703247 -0.2315681427717209 0.160761758685112
v -0.01917935721576214 0.1338346004486084 0.014995665289461613
v 0.20775958895683289 -0.12123347818851471 0.1709778904914856
v 0.24185165762901306 0.03846455737948418 0.10523900389671326
v -0.0804658979177475 -0.006680212449282408 -0.13831867277622223
v -0.37518250942230225 0.43960076570510864 -0.02051672711968422
v 0.045404888689517975 -0.16141805052757263 0.06789987534284592
v 0.007049260661005974 -0.09961633384227753 -0.08799104392528534
v 0.11153370141983032 -0.1422051042318344 0.14669367671012878
v -0.09357171505689621 -0.06764721125364304 0.10490309447050095
v 0.26861411333084106 -0.13216662406921387 -0.02483465149998665
v -0.07018531858921051 0.11069021373987198 0.17596514523029327
v -0.1849200278520584 0.3486574590206146 -0.2650659680366516
v 0.003780882339924574 -0.00831003300845623 0.12325422465801239
v -0.05199720710515976 -0.12609858810901642 0.07936342805624008
v 0.003961874637752771 0.10935395210981369 -0.03189730644226074
v -0.06718476861715317 -0.4171992242336273 0.017456956207752228
v -0.13140611350536346 0.08689222484827042 -0.25602054595947266
v -0.1010642722249031 0.22112059593200684 0.042337749153375626
v 0.0789651870727539 -0.18600212037563324 0.09049149602651596
v -0.10192793607711792 0.2887571454048157 -0.11781223863363266
v -0.028582734987139702 -0.0043424698524177074 0.16495278477668762
v 0.0358593612909317 0.02631203830242157 -0.04058120399713516
v -0.2029595971107483 0.2789137065410614 0.0027538456488400698
v 0.0303337499499321 -0.28725454211235046 -0.14365112781524658
v -0.04987356811761856 -0.2217174619436264 0.23137089610099792
v 0.2226976454257965 -0.17159536480903625 -0.09195283055305481
v -0.16907820105552673 0.22047051787376404 0.030011357739567757
v 0.022873280569911003 -0.08578401058912277 0.018993327394127846
v -0.10980794578790665 -0.021904613822698593 0.14583562314510345
v -0.1625131070613861 0.15718524158000946 -0.0013279678532853723
v -0.13473635911941528 0.004957971163094044 -0.1918199360370636
v -0.1040344163775444 0.012391251511871815 -0.29688823223114014
v 0.15777547657489777 -0.1223817840218544 0.2439054697751999
v -0.1205344870686531 0.19722925126552582 0.07433084398508072
v 0.02992815338075161 -0.1491198092699051 0.07287222892045975
v -0.2628129720687866 0.3370557129383087 0.2765134572982788
v -0.03980385139584541 -0.17979472875595093 0.01895791105926037
v -0.19855228066444397 -0.28698018193244934 -0.05047198757529259
v -0.0862785205245018 0.19301128387451172 0.027781616896390915
v -0.08642231673002243 0.3505944609642029 0.054388366639614105
v -0.01728086546063423 -0.060972243547439575 -0.010299833491444588
v -0.14302906394004822 -0.2758576571941376 0.14286521077156067
v -0.08056916296482086 -0.11931443959474564 -0.10466941446065903
v -0.09800010174512863 0.14109426736831665 -0.021049514412879944
v -0.12344470620155334 0.21365408599376678 0.04909813776612282
v -0.048773396760225296 -0.28774020075798035 0.013774961233139038
v 0.17894475162029266 -0.08951616287231445 -0.13756021857261658
v -0.12592139840126038 0.31921130418777466 0.0385885089635849
v -0.1213310956954956 -0.07960886508226395 0.12542684376239777
v -0.09369377046823502 -0.18409208953380585 -0.09373757988214493
v 0.017064372077584267 -0.021708300337195396 0.2217734009027481
v 0.09393733739852905 0.12979929149150848 -0.1399843692779541
v -0.029760343953967094 0.04778037965297699 0.05988619849085808
v -0.08934608101844788 0.3582113981246948 0.11395839601755142
v 0.05447153002023697 -0.11608489602804184 0.12675434350967407
v -0.21370668709278107 0.23090973496437073 0.14981509745121002
v -0.08248143643140793 -0.30426621437072754 0.17496620118618011
v 0.29727235436439514 -0.025800934061408043 -0.0977715328335762
v 0.17204684019088745 0.07584606856107712 -0.05947582796216011
v -0.3031620681285858 0.06110676750540733 0.1479661911725998
v -0.09055648744106293 0.07899577915668488 0.09026191383600235
v -0.033490441739559174 0.002221745438873768 -0.01071161963045597
v -0.1673600971698761 -0.04082474112510681 0.20646461844444275
v 0.011663001962006092 -0.015798741951584816 0.09452644735574722
v -0.13516995310783386 0.13041952252388 0.1343948245048523
v 0.23432257771492004 -0.06207077205181122 0.09076876938343048
v -0.14218838512897491 0.17549622058868408 -0.10798535495996475
v -0.1846468448638916 0.09112828969955444 -0.2418116331100464
v -0.23567700386047363 0.22674864530563354 0.042620763182640076
v 0.19834578037261963 -0.2911076843738556 0.15559785068035126
v -0.2886580526828766 0.11990870535373688 -0.05541209131479263
v -0.07701462507247925 -0.08619442582130432 0.1698770672082901
v 0.11815275251865387 0.03135063126683235 -0.06731652468442917
v 0.06893185526132584 0.011738079600036144 -0.21774053573608398
v -0.1820669025182724 0.2767954468727112 0.11775076389312744
v 0.17389096319675446 -0.5314724445343018 0.1820308417081833
v 0.049590617418289185 -0.0388946607708931 0.1720481514930725
v -0.0034503769129514694 -0.28189241886138916 -0.10345851629972458
v 0.02765779197216034 -0.3087504506111145 0.04298854619264603
v -0.09922706335783005 -0.021638544276356697 -0.06330244988203049
v 0.1715857833623886 -0.04281887784600258 0.03594473376870155
v 0.030920041725039482 -0.09114477783441544 -0.05688605085015297
v -0.04176109656691551 -0.046749260276556015 0.10706796497106552
v 0.2442225068807602 -0.03438307344913483 0.16016361117362976
v 0.20352913439273834 -0.1197604238986969 0.04038458690047264
v -0.13737547397613525 0.08758965134620667 0.14352478086948395
v -0.16201572120189667 -0.25379130244255066 0.18034763634204865
v -0.04392848163843155 -0.22294747829437256 0.19708740711212158
v -0.02888820879161358 0.041532423347234726 -0.06242436543107033
v -0.0924069732427597 0.08729124069213867 0.2767549455165863
v -0.3017290234565735 0.13707605004310608 0.1222786083817482
v -0.2252582460641861 -0.2077619582414627 -0.15734101831912994
v -0.09602324664592743 -0.0185801200568676 -0.021318314597010612
v -0.15368519723415375 0.0002120914141414687 0.20006142556667328
v 0.049741197377443314 0.07699283957481384 -0.18032214045524597
v -0.06248084455728531 -0.11604726314544678 0.17869694530963898
v -0.01732153631746769 0.0630987137556076 -0.1387304961681366
v -0.001865288824774325 -0.10724053531885147 -0.1730143427848816
v 0.009377595037221909 0.10361924022436142 0.10350068658590317
v -0.16853849589824677 -0.0037440641317516565 -0.1495124250650406
v -0.11857505887746811 0.22336415946483612 0.14477166533470154
v 0.044871892780065536 -0.08385787904262543 0.28570783138275146
v 0.11406811326742172 0.013592398725450039 -0.06467359513044357
v -0.1408679038286209 -0.07121741771697998 0.042680177837610245
v -0.1706274151802063 0.010294880717992783 -0.0354323536157608
v -0.19982048869132996 0.12274470180273056 -0.11944162100553513
v -0.17620190978050232 0.11069239675998688 0.1450694352388382
v 0.11724182218313217 0.016105450689792633 0.013170470483601093
v -0.2585679590702057 0.16883395612239838 -0.14614194631576538
v -0.14232230186462402 0.35276341438293457 -0.12400389462709427
v 0.11060833185911179 -0.10259124636650085 0.183929443359375
v -0.2203957587480545 -0.07904166728258133 -0.15277168154716492
v 0.14025923609733582 0.07879006862640381 0.2300543487071991
v 0.15383858978748322 0.029124895110726357 -0.1837662160396576
v 0.10907118022441864 0.050170060247182846 0.07176151126623154
v 0.23662854731082916 -0.08537520468235016 -0.012147460132837296
v -0.09561752527952194 0.3114611506462097 0.0013465507654473186
v 0.25446587800979614 -0.12637574970722198 0.08643264323472977
v 0.17719565331935883 -0.07071568816900253 0.14447703957557678
v 0.042567212134599686 0.02176159806549549 0.21136322617530823
v 0.06539173424243927 0.23861776292324066 0.1764860302209854
v -0.3443705439567566 0.22749124467372894 -0.1769436001777649
v 0.011779018677771091 0.03780253604054451 0.010478029027581215
v 0.02425568178296089 -0.04430627450346947 -0.13228508830070496
v 0.06928450614213943 0.11904345452785492 -0.11374840885400772
v -0.05234365165233612 0.04460597038269043 0.01781151257455349
v -0.044745758175849915 0.42173272371292114 -0.003185405395925045
v -0.013085339218378067 -0.005293264519423246 -0.028238320723176003
v 0.027725817635655403 -0.22805312275886536 -0.10706420987844467
v -0.08280457556247711 0.291279673576355 0.04367640241980553
v -0.008423683233559132 -0.01435470674186945 0.06293576210737228
v 0.10604158043861389 -0.04964422434568405 -0.046614717692136765
v -0.026949722319841385 0.14283941686153412 -0.15572349727153778
v 0.10302044451236725 -0.11920192092657089 0.011575846001505852
v -0.10491089522838593 -0.033864472061395645 -0.17630289494991302
v 0.11799652129411697 -0.19403047859668732 -0.07419949024915695
v -0.1770595908164978 0.06045227125287056 -0.03101557306945324
v 0.10285947471857071 -0.0602906234562397 0.10166275501251221
v -0.17950579524040222 0.27215084433555603 -0.01994163729250431
v -0.2800377309322357 -0.14725834131240845 0.0630108118057251
v 0.0679590031504631 -0.07742058485746384 -0.24791333079338074
v 0.018432941287755966 -0.005576605908572674 -0.04048946499824524
v -0.05722317844629288 0.25965818762779236 0.13361936807632446
v -0.038882359862327576 -0.15787208080291748 0.2342543751001358
v -0.008496963419020176 -0.25408217310905457 0.05641890689730644
v -0.013590717688202858 0.0013457572786137462 0.1070476695895195
v -0.10021225363016129 0.06266389042139053 0.08450820297002792
v 0.2626103460788727 -0.14708556234836578 0.06579789519309998
v -0.040151696652173996 0.009486648254096508 -0.04729131981730461
v -0.03272761404514313 0.21667858958244324 -0.32889607548713684
v -0.0015865503810346127 -0.009718270972371101 -0.0891488566994667
v 0.2699030637741089 -0.04509483650326729 -0.1368667483329773
v -0.17411105334758759 0.09621359407901764 -0.21861615777015686
v -0.10102050006389618 0.2140558511018753 0.08988671749830246
v -0.1349586397409439 0.20362558960914612 0.013627319596707821
v 0.09244339168071747 0.11397404223680496 0.025864455848932266
v -0.001817601383663714 -0.05223822593688965 -0.0968722254037857
v 0.02268374152481556 0.36852389574050903 -0.17030437290668488
v -0.01579289697110653 -0.26978009939193726 0.06860929727554321
v 0.14416567981243134 -0.018620405346155167 0.10377106070518494
v 0.06303269416093826 0.011820964515209198 -0.24059896171092987
v 0.23576238751411438 -0.12819571793079376 0.02708817459642887
v -0.004532171878963709 0.0005957238026894629 -0.22131457924842834
v -0.1062401533126831 0.09647586196660995 -0.014874416403472424
v -0.012787491083145142 0.3315070569515228 -0.11568676680326462
v 0.22957304120063782 0.11895956844091415 -0.10008647292852402
v -0.20429757237434387 -0.18504920601844788 -0.2821151614189148
v -0.16521434485912323 -0.03598696365952492 -0.14062617719173431
v -0.09762265533208847 0.07875586301088333 -0.11463376134634018
v -0.14469976723194122 0.2303612381219864 0.34065985679626465
v -0.015890980139374733 -0.009304061532020569 0.20209676027297974
v 0.00646246038377285 -0.10153044015169144 -0.10584021359682083
v -0.04525984451174736 -0.18279564380645752 0.1434110850095749
v -0.128517746925354 -0.04173840954899788 -0.2747078239917755
v 0.18651749193668365 -0.07068997621536255 -0.031892288476228714
v -0.009765276685357094 -0.012764884158968925 0.19995121657848358
v -0.010959121398627758 -0.04986600950360298 0.17109690606594086
v 0.001538391225039959 -0.024453630670905113 0.046448759734630585
v -0.33931949734687805 -0.06626980751752853 -0.1341271698474884
v -0.06616412848234177 -0.048301517963409424 0.03652089089155197
v 0.08945257216691971 -0.11083727329969406 -0.08960726857185364
v 0.049672603607177734 0.06169488653540611 -0.31880462169647217
v 0.06473258882761002 -0.07624491304159164 0.039364010095596313
v -0.19587527215480804 0.2995814383029938 -0.11539964377880096
v 0.09220965951681137 0.09225651621818542 -0.026178458705544472
v 0.09192126244306564 0.13606764376163483 0.002045145956799388
v -0.18251624703407288 0.18996143341064453 0.007326378487050533
v -0.09560594707727432 0.0026214655954390764 0.03928554058074951
v -0.23649023473262787 0.23313680291175842 -0.11138410866260529
v 0.011697552166879177 -0.46430447697639465 0.08239215612411499
v -0.06381788849830627 -0.10352467745542526 -0.026673581451177597
v 0.09646035730838776 0.002256950829178095 -0.20170457661151886
v 0.06791698932647705 -0.005871395114809275 0.2419082671403885
v 0.12118612974882126 -0.01746351644396782 -0.0056622023694217205
v 0.07905387878417969 -0.15335966646671295 0.18444959819316864
v 0.21580341458320618 -0.170014888048172 -0.14183664321899414
v -0.016172870993614197 -0.11514091491699219 -0.2166709005832672
v -0.1069820448756218 0.059576068073511124 -0.044444046914577484
v -0.08841728419065475 0.15698832273483276 0.005100871901959181
v -0.014746329747140408 -0.09751167893409729 0.09579280018806458
v -0.1534772664308548 -0.05918189883232117 0.03464725241065025
v -0.22674523293972015 0.04128479212522507 -0.09624604880809784
v -0.11186594516038895 0.08890501409769058 0.13264918327331543
v -0.1852283924818039 0.34728574752807617 0.331150084733963
v 0.012887478806078434 -0.15423354506492615 -0.07852154225111008
v -0.06824237108230591 0.09745198488235474 0.11428242176771164
v -0.09668619185686111 0.04192769527435303 0.11379524320363998
v -0.23338407278060913 0.3344212770462036 -0.03049074299633503
v -0.02857041358947754 0.027561262249946594 -0.18152832984924316
v -0.172810360789299 -0.004953517112880945 0.1304629147052765
v 0.024933751672506332 0.08375541865825653 0.1321990042924881
v 0.01159853208810091 0.008307436481118202 0.03599979728460312
v 0.14401519298553467 0.024875309318304062 0.1287470906972885
v -0.14473912119865417 -0.1175542101264 -0.05974763259291649
v 0.002294581849128008 0.010617461055517197 0.005662223324179649
v -0.26555711030960083 0.13481801748275757 0.06678293645381927
v -0.12599866092205048 -0.14747269451618195 -0.015757279470562935
v 0.21822096407413483 -0.14097324013710022 -0.06066197156906128
v -0.003606861922889948 0.014186667278409004 0.03561611846089363
v 0.07396826148033142 0.013509736396372318 0.12092761695384979
v -0.1966533362865448 0.06484348326921463 0.10958516597747803
v 0.1933734118938446 -0.1742245852947235 -0.07900656759738922
v -0.24811740219593048 0.0664527416229248 0.08591394871473312
v -0.14713741838932037 -0.1978640854358673 -0.28455594182014465
v -0.2130037099123001 0.15255941450595856 0.129088893532753
v -0.07672539353370667 -0.06711676716804504 0.06735315173864365
v -0.04709306359291077 0.07099387794733047 -0.027980370447039604
v -0.0676928162574768 -0.18518811464309692 0.020283624529838562
v 0.1221420168876648 0.13723042607307434 0.013320308178663254
v -0.28134685754776 0.29320767521858215 -0.06139218807220459
v -0.007531324867159128 0.11086712777614594 -0.3580667972564697
v 0.09049944579601288 -0.09921621531248093 -0.018747659400105476
v 0.025741219520568848 -0.2618306875228882 -0.21347467601299286
v -0.19085311889648438 0.18083105981349945 -0.018217431381344795
v -0.3497757613658905 0.20387063920497894 0.18062952160835266
v 0.11110644787549973 -0.19049467146396637 -0.03039088100194931
v 0.12649856507778168 -0.3468833565711975 -0.15282297134399414
v 0.1366230845451355 0.19388237595558167 0.03301241993904114
v -0.09181194752454758 0.0035783906932920218 0.0016440533800050616
v -0.2810632288455963 -0.21344579756259918 0.14302776753902435
v -0.06279709935188293 0.027045056223869324 -0.20742209255695343
v -0.06147121638059616 0.07635308802127838 -0.05879198759794235
v -0.026795167475938797 0.14740143716335297 -0.06608840078115463
v 0.07535680383443832 -0.02886318229138851 -0.17228911817073822
v -0.22373980283737183 -0.02111266925930977 0.0034824637696146965
v -0.05217204615473747 -0.3634292781352997 0.24524754285812378
v 0.110904261469841 -0.039486367255449295 -0.0266396626830101
v -0.025489430874586105 0.050125602632761 0.04158461093902588
v 0.02934110537171364 -0.06551086902618408 0.17379361391067505
v -0.030373359099030495 -0.052868835628032684 -0.35112643241882324
v -0.20812788605690002 0.030653880909085274 -0.2717955410480499
v -0.20711439847946167 0.07532928884029388 0.07122393697500229
v -0.29595956206321716 -0.00946005154401064 -0.1897834837436676
v -0.17472144961357117 -0.23317500948905945 0.260640949010849
v -0.14065037667751312 -0.07271064072847366 -0.004631027579307556
v 0.028247179463505745 -0.02719474956393242 0.047456756234169006
v 0.22546535730361938 -0.15802209079265594 -0.20477433502674103
v -0.11261529475450516 0.19469667971134186 -0.1925026923418045
v 0.0635308027267456 -0.2135915905237198 0.1380087286233902
v -0.012447025626897812 0.043712832033634186 0.02165357768535614
v -0.23879624903202057 -0.009240498766303062 0.22002239525318146
v -0.03849169239401817 -0.02274586260318756 0.04302162677049637
v -0.16173040866851807 0.10233083367347717 -0.050411663949489594
v 0.04030352830886841 -0.026995539665222168 0.12528681755065918
v -0.06425690650939941 0.06775716692209244 -0.10695786774158478
v 0.01649167202413082 0.14290274679660797 0.09993637353181839
v -0.0867663025856018 0.24449527263641357 -0.10945281386375427
v 0.26916196942329407 -0.08794499188661575 -0.14019648730754852
v 0.17953652143478394 0.10457240790128708 0.08888691663742065
v -0.18204326927661896 0.029543867334723473 -0.0005283295758999884
v -0.09131982177495956 0.5146088004112244 -0.12484054267406464
v 0.1884259432554245 0.3363956809043884 0.026464981958270073
v 0.03498346358537674 -0.22938992083072662 -0.10695730894804001
v -0.18893645703792572 0.22510063648223877 -0.02323463372886181
v -0.024959279224276543 0.03365964815020561 -0.054698023945093155
v -0.10235027223825455 -0.04693804308772087 0.07449609786272049
v -0.2382175624370575 0.08347860723733902 0.13410641252994537
v 0.14005109667778015 -0.014672397635877132 0.08253861963748932
v 0.00021282723173499107 0.07050494849681854 -0.0575525164604187
v 0.033327214419841766 0.06176774576306343 0.026888011023402214
v -0.12964195013046265 -0.016359182074666023 0.04443565383553505
v -0.08935074508190155 -0.07760673761367798 -0.05807271599769592
v 0.19944854080677032 -0.008825434371829033 0.24574916064739227
v -0.14948265254497528 -0.13106879591941833 -0.2613784372806549
v 0.32182931900024414 0.009830121882259846 -0.028408605605363846
v 0.028206216171383858 0.12324798852205276 0.09887316823005676
v -0.2619362771511078 0.19337224960327148 -0.05860399082303047
v -0.20873881876468658 -0.03263809531927109 -0.2560883164405823
v -0.13930179178714752 -0.0814514085650444 -0.1689724624156952
v -0.03447245433926582 0.0702272281050682 -0.305527925491333
v -0.106529600918293 -0.07490454614162445 -0.1218186691403389
v 0.07946734130382538 0.2202157974243164 0.03773073852062225
v -0.10881219804286957 -0.09156393259763718 -0.012267651967704296
v -0.12164485454559326 0.14642086625099182 0.12469077855348587
v -0.011457708664238453 -0.09430345892906189 0.1704178750514984
v -0.19153952598571777 0.08101207762956619 0.03356575593352318
v -0.21464361250400543 -0.23437409102916718 0.19738340377807617
v -0.17685316503047943 -0.32821184396743774 -0.5893750786781311
v -0.08400687575340271 0.06949236243963242 -0.16156964004039764
v -0.17223231494426727 0.2708089351654053 -0.03716036677360535
v -0.08656376600265503 -0.03596947714686394 0.04851466789841652
v -0.05024600401520729 -0.10799164324998856 0.03081812709569931
v -0.07655560970306396 0.03618243336677551 -0.02650129795074463
v 0.0003036789712496102 -0.0664718896150589 -0.10784619301557541
v -0.16478070616722107 0.12917526066303253 -0.16395063698291779
v -0.17607568204402924 -0.23521745204925537 0.09440221637487411
v -0.21467390656471252 0.04595857486128807 0.08770494908094406
v 0.11173908412456512 0.02867884561419487 -0.21271297335624695
v 0.17298120260238647 -0.16078871488571167 0.006569969467818737
v 0.08011804521083832 -0.23253588378429413 -0.3719811737537384
v 0.1748366504907608 0.040109340101480484 0.10737204551696777
v 0.10821325331926346 0.02700473740696907 -0.1728721410036087
v -0.1284809112548828 -0.042132336646318436 -0.040309078991413116
v -0.08323821425437927 -0.28339341282844543 -0.024500347673892975
v -0.056447066366672516 0.01423114724457264 -0.1806488186120987
v 0.0009424107265658677 -0.10584577172994614 -0.2098022699356079
v -0.1824658066034317 -0.09056384861469269 0.07598210126161575
v -0.1376931220293045 -0.1597294807434082 0.07628912478685379
v -0.20206645131111145 0.2675860524177551 -0.10945003479719162
v -0.022299887612462044 -0.08419197052717209 -0.11069143563508987
v -0.24875323474407196 -0.3989045321941376 -0.1699749231338501
v 0.16923396289348602 0.10016562789678574 -0.005202331580221653
v 0.07026711851358414 0.2946704030036926 0.3608962893486023
v 0.06586329638957977 0.006237107794731855 -0.16024556756019592
v 0.11947152018547058 -0.04563041776418686 -0.020456090569496155
v -0.09231726825237274 -0.03473297879099846 0.14620448648929596
v 0.18064409494400024 0.012367665767669678 -0.06857902556657791
v -0.07047029584646225 0.28569188714027405 -0.14700114727020264
v 0.07957351952791214 -0.26750802993774414 -0.06322051584720612
v -0.08771301805973053 0.13024023175239563 0.18797408044338226
v -0.08537787199020386 -0.31754711270332336 0.2294115424156189
v -0.05005238577723503 -0.02003568597137928 0.08010609447956085
v 0.09712181240320206 -0.13498060405254364 0.08336186408996582
v -0.01944626495242119 -0.020265629515051842 -0.17843510210514069
v -0.05703723803162575 -0.03288591280579567 0.2025763988494873
v 0.10571787506341934 -0.05871248245239258 0.26869848370552063
v -0.1449558287858963 0.008295143023133278 -0.08656244724988937
v 0.0086456798017025 0.018498502671718597 -0.16544902324676514
v -0.11059538275003433 -0.09708181023597717 0.1484343409538269
v -0.037730950862169266 -0.11938371509313583 -0.16749630868434906
v -0.1278982311487198 -0.3048105537891388 0.16869133710861206
v 0.07993525266647339 0.11683540791273117 -0.18095357716083527
v -0.12623775005340576 -0.04504339024424553 -0.18421775102615356
v 0.15434953570365906 -0.20730459690093994 0.061453696340322495
v -0.2054539918899536 0.2569398283958435 -0.13353922963142395
v 0.09313610196113586 0.09939839690923691 0.12601086497306824
v 0.15243759751319885 -0.10622201859951019 -0.03939647972583771
v 0.053430572152137756 -0.10014963895082474 -0.11324582993984222
v -0.20036013424396515 0.006779734045267105 0.09291625767946243
v -0.24602384865283966 0.08543717861175537 0.0522492453455925
v 0.16993401944637299 -0.07522163540124893 0.05957711488008499
v 0.10791759192943573 -0.0023155403323471546 0.2364673912525177
v -0.11435148864984512 -0.15258808434009552 0.04793485626578331
v -0.24112486839294434 0.27343136072158813 0.03012055717408657
v 0.04039306193590164 -0.3045176863670349 0.09861188381910324
v 0.33001047372817993 -0.07693614810705185 0.0772775337100029
v -0.230912446975708 0.3865755796432495 -0.040011703968048096
v -0.03318530693650246 -0.030633708462119102 0.07688824832439423
v -0.3237495422363281 -0.16866828501224518 0.017271332442760468
v -0.20875994861125946 0.04714328795671463 0.19143839180469513
v -0.15377037227153778 0.23143112659454346 0.026400083675980568
v -0.271403431892395 0.12155630439519882 -0.11858805269002914
v 0.07349774241447449 0.12473397701978683 0.2494095116853714
v 0.10525777190923691 -0.012106074020266533 0.21273522078990936
v -0.029591785743832588 -0.06924816966056824 -0.20227168500423431
v -0.1982286274433136 -0.06510744988918304 0.13149894773960114
v -0.1935472935438156 0.13375388085842133 -0.13071474432945251
v -0.07781141996383667 0.2263416200876236 0.08856280893087387
v 0.04216592758893967 0.00042408762965351343 -0.029112596064805984
v -0.15490148961544037 -0.010721739381551743 0.05485641956329346
v -0.32724234461784363 -0.012284384109079838 -0.01996920071542263
v 0.06518430262804031 0.038061074912548065 -0.11637286096811295
v 0.05893619731068611 0.06501706689596176 -0.162770077586174
v -0.25239041447639465 0.30822429060935974 0.12720556557178497
v -0.127846360206604 -0.217849463224411 0.022636778652668
v -0.04342130944132805 0.028320100158452988 0.05699200928211212
v -0.14352522790431976 0.22586682438850403 -0.10058186203241348
v -0.26757749915122986 0.09037144482135773 -0.04333510994911194
v -0.14673234522342682 0.1706792116165161 -0.006280830129981041
v -0.11565106362104416 0.013996249996125698 -0.00918713677674532
v -0.21124036610126495 -0.06765786558389664 -0.01398973073810339
v -0.21708805859088898 -0.007868269458413124 0.1304052621126175
v 0.35231781005859375 -0.014397913590073586 -0.024367881938815117
v -0.057970527559518814 -0.11109593510627747 0.07519372552633286
v -0.14654318988323212 -0.059443943202495575 0.03708445653319359
v -0.027608681470155716 -0.04423831030726433 -0.1015520989894867
v 0.025423159822821617 0.01435962226241827 0.08632446080446243
v 0.07399726659059525 -0.0786227136850357 0.10718532651662827
v -0.23501020669937134 -0.030781162902712822 -0.1298576444387436
v 0.03463763743638992 0.10654877126216888 0.05015477538108826
v -0.251168817281723 0.016608959063887596 0.151921808719635
v -0.15606388449668884 -0.28572389483451843 0.08530572801828384
v -0.17054742574691772 0.18275800347328186 -0.03676075488328934
v 0.02447698265314102 0.01607317477464676 0.0015848192851990461
v -0.014501314610242844 -0.06897646188735962 -0.11941566318273544
v -0.18864144384860992 0.18484634160995483 -0.017417537048459053
v -0.016970202326774597 -0.1269959956407547 -0.059714265167713165
v 0.2190467268228531 -0.2144647091627121 0.0798344612121582
v -0.10278631001710892 -0.15401923656463623 0.2322239726781845
v -0.05527907982468605 -0.060369525104761124 -0.01504831574857235
v -0.2703312635421753 0.38049784302711487 -0.003845612984150648
v 0.09158925712108612 -0.23064744472503662 -0.05397360771894455
v 0.02380085363984108 -0.016895856708288193 -0.09037073701620102
v 0.13679514825344086 -0.014616861939430237 0.18683041632175446
v -0.036232005804777145 0.010159813798964024 0.12187919020652771
v 0.2245769500732422 -0.07827381044626236 -0.13433125615119934
v -0.12510280311107635 -0.07106064260005951 -0.07568278163671494
v -0.04462597146630287 -0.04073984548449516 0.016492893919348717
v 0.11249156296253204 -0.028729286044836044 0.1093829944729805
v -0.3116622567176819 0.24599674344062805 0.142323836684227
v -0.09086811542510986 -0.07763908803462982 0.12297520041465759
v -0.019660035148262978 0.1510564535856247 0.025863846763968468
v -0.11880834400653839 -0.21890203654766083 0.10111930966377258
v 0.08320745825767517 0.11771800369024277 -0.26076599955558777
v -0.18796706199645996 0.08835368603467941 -0.04542659595608711
v -0.11596813052892685 -0.23294255137443542 -0.17283444106578827
v -0.1755487471818924 0.24197252094745636 -0.05815044790506363
v -0.08712999522686005 0.1840759664773941 0.05349401384592056
v 0.13099625706672668 0.1652504801750183 -0.16064761579036713
v -0.10863050073385239 -0.1472761183977127 0.027485646307468414
v -0.17521704733371735 -0.3461843729019165 -0.014758197590708733
v 0.054128970950841904 -0.24366608262062073 0.1810121238231659
v -0.0028767352923750877 -0.14499467611312866 0.20499694347381592
v -0.11241725087165833 0.208174929022789 -0.06576599925756454
v 0.11329443007707596 0.014975304715335369 0.11636432260274887
v -0.11128804087638855 0.2710283696651459 -0.03284215182065964
v -0.24239417910575867 0.006161839701235294 0.10420861095190048
v -0.1281241476535797 -0.291960746049881 0.014315980486571789
v 0.02929629385471344 0.06733472645282745 -0.05916363000869751
v -0.15987782180309296 0.15962845087051392 0.028145605698227882
v 0.05244109407067299 -0.09816274046897888 -0.10621758550405502
v -0.05525257810950279 0.17530447244644165 -0.029625743627548218
v -0.2454635351896286 0.1773984283208847 -0.11298607289791107
v 0.43860048055648804 -0.19308674335479736 0.08090509474277496
v 0.13347044587135315 -0.038900475949048996 0.1802224963903427
v -0.06718123704195023 -0.0017941152909770608 0.02867487259209156
v 0.10940086096525192 -0.009045039303600788 -0.17975705862045288
v 0.27390921115875244 -0.2566831111907959 -0.16902491450309753
v -0.25774240493774414 0.10258359462022781 -0.10103222727775574
v -0.10155893117189407 0.13447298109531403 -0.09153761714696884
v -0.15339405834674835 -0.0737418532371521 0.15774153172969818
v 0.022466545924544334 -0.17516720294952393 0.15491339564323425
v -0.21679045259952545 0.12486198544502258 -0.06831406056880951
v -0.05027695372700691 -0.12575848400592804 -0.18423055112361908
v 0.16760367155075073 0.04379766434431076 0.07580351084470749
v -0.20522139966487885 0.10342632979154587 -0.03011893853545189
v -0.001373445033095777 -0.13068437576293945 -0.15656179189682007
v 0.03048889897763729 0.09365236014127731 -0.09475593268871307
v -0.3537779450416565 0.027056004852056503 0.22722937166690826
v -0.10418533533811569 0.07519799470901489 0.011090561747550964
v 0.014912336133420467 0.024476420134305954 0.16875594854354858
v 0.3041573166847229 -0.17258942127227783 0.19916824996471405
v -0.06305752694606781 0.013163244351744652 -0.06930334866046906
v -0.27969610691070557 0.15470147132873535 -0.25797557830810547
v -0.16381464898586273 -0.05880804359912872 0.005480996798723936
v -0.36565446853637695 -0.009248148649930954 0.09100854396820068
v -0.07613278925418854 -0.03865913301706314 -0.06161660701036453
v -0.09171435236930847 -0.15504522621631622 0.20326393842697144
v 0.21011944115161896 -0.2777310311794281 -0.08712111413478851
v -0.09937255084514618 0.17104659974575043 -0.07148285210132599
v -0.14535799622535706 0.34353363513946533 -0.14879901707172394
v -0.15276257693767548 0.12384577095508575 -0.2109033763408661
v 0.0525224544107914 -0.2212580442428589 0.25206077098846436
v -0.14440789818763733 -0.16949425637722015 -0.11044960469007492
v -0.06421402096748352 0.16871534287929535 0.10589970648288727
v 0.23055587708950043 -0.11336039006710052 0.20443511009216309
v -0.16634118556976318 0.23945151269435883 -0.1545204520225525
v -0.08899355679750443 -0.04556163027882576 -0.21644768118858337
v 0.03928201645612717 0.038636647164821625 0.14999940991401672
v 0.004988052416592836 -0.2570849657058716 0.0878322646021843
v 0.1231568232178688 -0.24447959661483765 0.09166446328163147
v -0.09502764791250229 0.2097601741552353 -0.09232756495475769
v -0.12348482757806778 -0.14640477299690247 -0.3127433955669403
v -0.2193315327167511 0.1801116019487381 0.04883744567632675
v 0.07268303632736206 -0.0429067499935627 0.023629898205399513
v -0.13260585069656372 0.05317239463329315 -0.0461621917784214
v -0.13464590907096863 -0.09457141160964966 -0.05209457129240036
v 0.1295313984155655 -0.2549980580806732 -0.13551129400730133
v -0.05015862360596657 -0.21841545403003693 0.039378613233566284
v -0.27138063311576843 0.028582187369465828 -0.08654306083917618
v -0.12320855259895325 -0.08874241262674332 0.10567536950111389
v -0.10757644474506378 -0.09988414496183395 -0.052417002618312836
v 0.03578411415219307 0.06299930065870285 -0.13065561652183533
v -0.03834395483136177 -0.00254140910692513 0.06740988045930862
v -0.2134801149368286 -0.07113940268754959 0.07454801350831985
v -0.2216818928718567 0.04946046322584152 0.16945625841617584
v -0.16146112978458405 0.2459314614534378 -0.08021321892738342
v -0.06531687825918198 0.21088971197605133 0.17944853007793427
v 0.012004385702311993 -0.0783325731754303 0.11210458725690842
v 0.05074085295200348 -0.1488610804080963 0.06349258869886398
v 0.09521731734275818 -0.013789188116788864 0.06146315857768059
v -0.11490084230899811 -0.1587023288011551 -0.10021207481622696
v -0.1960107386112213 0.24301780760288239 -0.08688696473836899
v 0.1579515039920807 -0.21738271415233612 0.036875709891319275
v -0.1289951652288437 0.02874191477894783 -0.1362876147031784
v -0.1420844942331314 -0.19941604137420654 -0.064592644572258
v 0.04569822922348976 -0.2591470777988434 -0.20881769061088562
v -0.22015215456485748 0.061117105185985565 0.14957976341247559
v -0.29924002289772034 0.1650756597518921 -0.09544358402490616
v 0.07905140519142151 -0.034177299588918686 0.06020237132906914
v -0.01097280252724886 -0.05761187896132469 -0.05385862663388252
v -0.0437423475086689 0.017243357375264168 -0.05725366994738579
v 0.006826907396316528 -0.26276811957359314 -0.20429439842700958
v 0.14362940192222595 0.02367381565272808 0.003434565616771579
v -0.18962427973747253 0.2259209156036377 -0.03750774264335632
v 0.03501582890748978 -0.08551876246929169 0.18418367207050323
v -0.12407468259334564 -0.20642581582069397 0.19470851123332977
v -0.0812537744641304 -0.3090081512928009 0.023475248366594315
v 0.022439850494265556 -0.23446811735630035 0.23599587380886078
v -0.20971690118312836 0.41556087136268616 -0.01312189269810915
v -0.24205900728702545 -0.23841513693332672 0.260815292596817
v -0.26745250821113586 -0.004602177068591118 0.10322873294353485
v -0.10454366356134415 0.01038350909948349 0.15038561820983887
v -0.021561725065112114 0.13650581240653992 0.32154935598373413
v -0.037886302918195724 -0.19478125870227814 -0.16276347637176514
v 0.1845950335264206 -0.08570334315299988 -0.11519573628902435
v -0.1176982969045639 -0.08974738419055939 0.09050890803337097
v 0.09466271847486496 0.14208553731441498 -0.028136376291513443
v -0.10942479968070984 0.21711365878582 0.01784617453813553
v -0.3917463421821594 -0.09628770500421524 -0.0701504647731781
v 0.2118155062198639 -0.21070700883865356 0.031202025711536407
v -0.10922233015298843 0.12249015271663666 0.016028111800551414
v 0.03360947221517563 -0.05830641835927963 -0.03930579125881195
v -0.02343563921749592 -0.06931208074092865 0.08584258705377579
v 0.07197591662406921 -0.17165999114513397 0.09271082282066345
v -0.1993853598833084 0.24922356009483337 0.061140645295381546
v 0.1647467017173767 -0.11132374405860901 0.05857909098267555
v -0.13645943999290466 -0.17877830564975739 -0.1843898743391037
v -0.1593339890241623 -0.007558034732937813 0.06419327855110168
v -0.26613476872444153 -0.04496467858552933 0.01070480141788721
v -0.14838720858097076 0.05153210461139679 0.15858785808086395
v 0.2519310414791107 0.20455291867256165 -0.07242809981107712
v 0.073174849152565 0.14019867777824402 -0.07384791225194931
v 0.10572165250778198 0.0469314306974411 0.11558743566274643
v 0.08062024414539337 -0.1786586344242096 0.2574254870414734
v 0.030996276065707207 0.021762829273939133 -0.03919679671525955
v -0.12188053876161575 0.1712573915719986 0.1855074167251587
v -0.10771086812019348 -0.4311183989048004 0.11918722093105316
v -0.08579351752996445 0.02633606269955635 -0.014658122323453426
v -0.1398855447769165 0.07623784989118576 0.08822404593229294
v -0.1721055656671524 0.22457940876483917 0.021627508103847504
v -0.23002858459949493 0.21160417795181274 0.19470930099487305
v -0.15695390105247498 0.01354567427188158 -0.07596168667078018
v 0.003453910117968917 0.010045277886092663 0.14692699909210205
v -0.16366618871688843 0.25818702578544617 -0.06943698227405548
v 0.09431734681129456 0.02344328723847866 0.05127067118883133
v -0.07875116914510727 -0.04743495583534241 -0.024137375876307487
v -0.04644234478473663 0.1782822161912918 -0.042945265769958496
v -0.029041647911071777 -0.22890092432498932 0.019085733219981194
v -0.16709287464618683 0.25687485933303833 -0.0402829647064209
v -0.09174247086048126 -0.09126248955726624 -0.028384892269968987
v -0.06305444240570068 0.03954636678099632 -0.08786646276712418
v 0.18108521401882172 -0.014260285533964634 0.025039538741111755
v -0.18631702661514282 -0.14442677795886993 0.13321413099765778
v 0.40633949637413025 -0.29076382517814636 -0.0636603832244873
v 0.15649279952049255 -0.0794096514582634 0.17246229946613312
v 0.08125137537717819 -0.06714225560426712 0.09207557886838913
v -0.13659921288490295 0.09561940282583237 -0.11034569144248962
v -0.09657812118530273 0.00471437256783247 -0.10555621236562729
v -0.04976102337241173 -0.23413148522377014 0.07238157093524933
v -0.2061304897069931 0.11543316394090652 -0.024425284937024117
v -0.1685231328010559 -0.33538109064102173 0.08462828397750854
v -0.0551285594701767 -0.1415477842092514 0.060529280453920364
v 0.0705360472202301 -0.23768852651119232 0.0596877746284008
v -0.1309509128332138 -0.2288767248392105 -0.1639111191034317
v -0.041555579751729965 -0.0454191192984581 0.10193023085594177
v -0.19802981615066528 -0.029458889737725258 -0.17064209282398224
v 0.15611112117767334 -0.08428989350795746 0.13750384747982025
v 0.06009471043944359 -0.005837494973093271 -0.09620429575443268
v -0.015715928748250008 -0.08351843804121017 0.048765335232019424
v -0.16943730413913727 0.07803202420473099 -0.0577363446354866
v -0.006777060683816671 -0.01468751858919859 0.0846450924873352
v -0.16359274089336395 0.012191842310130596 -0.023746509104967117
v 0.15293501317501068 -0.043466150760650635 -0.01886545494198799
v -0.14204008877277374 -0.23668400943279266 -0.2028065174818039
v -0.04835357889533043 -0.24730932712554932 0.020922385156154633
v 0.0029774517752230167 -0.032308369874954224 0.04231478273868561
v 0.13200651109218597 -0.13527093827724457 -0.15633800625801086
v 0.01183223631232977 -0.13220170140266418 -0.10742853581905365
v 0.030132872983813286 -0.09808076918125153 -0.19238634407520294
v 0.16293002665042877 -0.26334989070892334 -0.021719420328736305
v 0.1432017982006073 0.06016900762915611 0.041841261088848114
v -0.10591041296720505 -0.22230319678783417 0.014723746106028557
v -0.36055004596710205 0.1115393191576004 -0.019624676555395126
v 0.15224388241767883 -0.06032387167215347 -0.0059733004309237
v 0.03688500449061394 -0.06302595883607864 0.07228036224842072
v 0.10060719400644302 -0.1734793335199356 0.14209739863872528
v -0.19788479804992676 0.15508399903774261 0.05748555809259415
v -0.06270398944616318 0.02495477721095085 -0.019511442631483078
v -0.09041891992092133 -0.26223495602607727 -0.13065187633037567
v -0.05757204443216324 0.031026452779769897 0.016585294157266617
v 0.06163729354739189 -0.02437858283519745 -0.11739727109670639
v -0.030953211709856987 -0.20635336637496948 0.1514669507741928
v 0.030972231179475784 -0.0041447295807302 -0.03958894684910774
v 0.07273294031620026 -0.21476119756698608 -0.13592283427715302
v 0.02216143161058426 0.0387880839407444 0.14447440207004547
v 0.007450989447534084 -0.2340577393770218 -0.07814017683267593
v 0.04271646961569786 -0.05390585586428642 -0.06591463088989258
v -0.10879471153020859 0.34795790910720825 -0.16043739020824432
v -0.15443651378154755 0.21674224734306335 0.04361928626894951
v 0.05262640491127968 -0.17642593383789062 -0.11618960648775101
v -0.049962569028139114 0.02811865136027336 -0.035413630306720734
v 0.04290582239627838 -0.1706419438123703 0.14814268052577972
v -0.17212657630443573 -0.011420398019254208 0.15983714163303375
v 0.23534426093101501 -0.25723496079444885 0.15054431557655334
v 0.04458675906062126 -0.036115922033786774 -0.05631355941295624
v 0.08367229998111725 -0.13567231595516205 -0.18595047295093536
v -0.03376238793134689 0.11239917576313019 -0.06547299027442932
v -0.22133460640907288 0.1340610384941101 -0.15708085894584656
v -0.15158432722091675 0.10602280497550964 -0.12308871746063232
v 0.28228816390037537 -0.14427398145198822 -0.05620887503027916
v -0.19838573038578033 -0.09154897928237915 -0.10389747470617294
v -0.1846923530101776 0.2862923741340637 0.012658843770623207
v 0.10948459059000015 -0.022655703127384186 -0.07708292454481125
v -0.08761678636074066 0.23247438669204712 0.11768598109483719
v 0.14899608492851257 -0.07551790773868561 -0.05832763761281967
v -0.07868265360593796 -0.19572091102600098 -0.1401398628950119
v -0.1673721820116043 -0.10227012634277344 -0.014841682277619839
v -0.08943026512861252 -0.017203375697135925 -0.03072318248450756
v 0.07233518362045288 -0.03999725729227066 -0.29056522250175476
v -0.14408405125141144 0.3056410253047943 -0.15354198217391968
v -0.030908217653632164 -0.19424304366111755 -0.2964693307876587
v 0.09570715576410294 -0.00337162590585649 0.03905962035059929
v -0.09127509593963623 -0.07959210127592087 -0.10214387625455856
v 0.2192937582731247 -0.35353192687034607 -0.05816850811243057
v -0.17513951659202576 0.014383954927325249 0.015862321481108665
v 0.03253661468625069 -0.14703136682510376 0.2530841529369354
v -0.040782105177640915 0.18704013526439667 -0.11841549724340439
v 0.11358314752578735 -0.09476711601018906 -0.12684142589569092
v 0.2230222225189209 -0.04472830891609192 -0.04813433438539505
v -0.00971435196697712 -0.3712468445301056 -0.05197548121213913
v 0.062598817050457 0.03634219244122505 -0.05017254501581192
v -0.2544666826725006 -0.06031554192304611 0.07442852854728699
v -0.016798602417111397 -0.04741259664297104 0.05099525675177574
v -0.01752656139433384 -0.0455559603869915 0.27798664569854736
v -0.10297730565071106 0.13331317901611328 -0.08317859470844269
v -0.1866866499185562 0.24197769165039062 0.0565972626209259
v -0.0855923667550087 0.24660608172416687 -0.020549843087792397
v 0.08520296216011047 -0.04333274066448212 0.12428612262010574
v -0.17221252620220184 0.16573560237884521 -0.07079488784074783
v -0.07196077704429626 -0.39882636070251465 0.13721665740013123
v -0.18951335549354553 0.007299230434000492 -0.25043100118637085
v -0.06123218685388565 -0.022747809067368507 0.07106947153806686
v -0.03715395927429199 0.10941512137651443 -0.17328304052352905
v 0.05673355609178543 -0.30750977993011475 -0.20082052052021027
v -0.12271035462617874 0.003854256821796298 -0.015977011993527412
v -0.0790594071149826 0.132163867354393 0.09225298464298248
v 0.09098020195960999 -0.07592276483774185 -0.11691108345985413
v -0.05429510027170181 -0.1776215136051178 0.1867457926273346
v -0.46027693152427673 0.1806507706642151 0.005734877660870552
v -0.0012342111440375447 -0.007943647913634777 0.11981887370347977
v -0.09831257909536362 -0.3806508183479309 -0.051926735788583755
v 0.021881243214011192 0.13210473954677582 0.07618169486522675
v 0.032890547066926956 -0.22444576025009155 0.35690757632255554
v 0.18384669721126556 0.02807430550456047 0.1642768681049347
v -0.20114761590957642 -0.20083452761173248 0.14912299811840057
v -0.11338052153587341 -0.07084921002388 0.00804885569959879
v -0.24172091484069824 -0.019252968952059746 -0.04492635279893875
v 0.1533629596233368 0.15529444813728333 -0.009466536343097687
v -0.11813914030790329 0.11508543789386749 0.061583470553159714
v -0.2116747945547104 0.04382982477545738 -0.26195207238197327
v -0.0740288496017456 0.3865574896335602 -0.009213079698383808
v -0.05594320222735405 0.040022674947977066 0.1602136343717575
v -0.24543538689613342 0.0900096595287323 -0.12129699438810349
v -0.21979489922523499 -0.2246071845293045 -0.10675941407680511
v 0.009314188733696938 0.16612198948860168 0.039661724120378494
v 0.03508162498474121 0.32154613733291626 -0.09071975201368332
v -0.25418972969055176 0.36870163679122925 0.045824989676475525
v -0.1390857696533203 -0.0759572833776474 -0.07313311100006104
v -0.2889545261859894 0.17385627329349518 0.01220665592700243
v -0.15599875152111053 -0.11202960461378098 0.03505844250321388
v 0.2076699137687683 -0.04770134761929512 -0.09132211655378342
v 0.10351038724184036 -0.29500696063041687 0.0025569202844053507
v -0.10741881281137466 0.06190984323620796 -0.0886717438697815
v 0.0651373416185379 -0.04008873552083969 0.18223096430301666
v -0.04741951823234558 0.0031969237606972456 -0.03077390417456627
v -0.16100887954235077 -0.04264327883720398 -0.029828306287527084
v 0.1648649275302887 -0.19269835948944092 -0.18305736780166626
v 0.21558630466461182 -0.08184292167425156 0.05650297924876213
v 0.08765444904565811 -0.01076563261449337 0.1447908878326416
v -0.11981824040412903 0.175192728638649 0.12512485682964325
v 0.1561078429222107 -0.17750166356563568 -0.1627250611782074
v -0.08594398945569992 0.0701012909412384 0.16510827839374542
v -0.08317616581916809 0.13154567778110504 0.057987917214632034
v -0.053992919623851776 -0.019844647496938705 -0.008273751474916935
v 0.23379787802696228 -0.12092680484056473 0.03252206742763519
v 0.3105301856994629 -0.16842424869537354 0.15192483365535736
v -0.13397318124771118 -0.06050264835357666 0.03628738597035408
v 0.08604612201452255 0.011630631983280182 -0.11158880591392517
v -0.040724992752075195 -0.009382779709994793 0.06330692023038864
v 0.20174559950828552 -0.13955584168434143 0.1719382107257843
v -0.08166572451591492 -0.11019796133041382 0.028169577941298485
v 0.17852997779846191 0.03497522324323654 0.029272057116031647
v 0.019205229356884956 -0.004677606280893087 6.968455272726715e-05
v -0.15929247438907623 -0.0996040627360344 0.13190075755119324
v 0.22262397408485413 -0.20241287350654602 -0.15097342431545258
v -0.14659570157527924 0.21074220538139343 0.002661275677382946
v -0.00908266194164753 -0.0873866155743599 0.0506281852722168
v 0.00703098950907588 -0.09645547717809677 -0.24903284013271332
v 0.18223707377910614 0.025307314470410347 0.046182699501514435
v -0.1225896030664444 0.013567586429417133 -0.13513018190860748
v -0.1933957040309906 0.2967904806137085 -0.011258753016591072
v -0.021732008084654808 -0.048339951783418655 0.04859565198421478
v -0.06686218082904816 -0.28372758626937866 -0.17507590353488922
v -0.07671350985765457 -0.044689033180475235 0.16530106961727142
v 0.045429348945617676 -0.23516109585762024 -0.04329761117696762
v -0.16705410182476044 0.060123324394226074 -0.12440914660692215
v 0.09560967236757278 -0.08181725442409515 -0.008787516504526138
v 0.11969225853681564 -0.02191176265478134 0.038283877074718475
v -0.15449705719947815 0.17945905029773712 0.09144255518913269
v 0.021278398111462593 -0.2045200765132904 -0.03643891215324402
v -0.04399461671710014 -0.3628142476081848 -0.047667041420936584
v -0.11567386984825134 -0.11510132998228073 -0.2753855288028717
v -0.027767419815063477 0.07604090869426727 -0.05939822271466255
v 0.23929539322853088 -0.16635367274284363 -0.025906704366207123
v -0.11315828561782837 0.20388001203536987 -0.11607318371534348
v -0.12279019504785538 -0.052031420171260834 -0.22393593192100525
v -0.24477359652519226 0.38797104358673096 0.09417445957660675
v -0.15077683329582214 0.05869840458035469 -0.039493054151535034
v -0.040626414120197296 -0.053673554211854935 0.011034740135073662
v 0.09637755900621414 -0.10372737795114517 -0.024628804996609688
v -0.07526301592588425 0.19558098912239075 0.04096188768744469
v -0.08852080255746841 -0.0579819530248642 0.12222421169281006
v -0.027152951806783676 0.08462782204151154 0.05604542791843414
v -0.01230613887310028 0.08231492340564728 0.03167662024497986
v -0.1485336720943451 -0.011873243376612663 0.01019421499222517
v -0.14408323168754578 0.1291671097278595 -0.04136303439736366
v -0.26514092087745667 0.23534952104091644 -0.06968897581100464
v -0.15089215338230133 0.0860084742307663 -0.007389734499156475
v -0.04010087251663208 -0.006180938798934221 -0.09774655848741531
v 0.02426762878894806 -0.11427689343690872 -0.040707334876060486
v -0.27738773822784424 -0.1093498095870018 -0.07360304147005081
v -0.2289687842130661 0.20788922905921936 0.16004115343093872
v 0.19896630942821503 -0.2484031766653061 0.1971791833639145
v -0.20984965562820435 -0.04594099149107933 -0.04053669422864914
v 0.14462177455425262 -0.004967876709997654 -0.05241559445858002
v -0.13069848716259003 0.1326364278793335 -0.052591945976018906
v -0.18660274147987366 0.21457578241825104 -0.05989053472876549
v -0.15345339477062225 0.11069194972515106 0.03577425703406334
v 0.1685461550951004 -0.23803193867206573 0.10655834525823593
v -0.07847394049167633 0.04054855927824974 0.12699829041957855
v -0.029270093888044357 0.015317474491894245 0.05879080295562744
v -0.11123113334178925 -0.25369971990585327 0.007246993947774172
v -0.05654590204358101 -0.06094672158360481 -0.14821894466876984
v 0.11376316100358963 0.0709933489561081 0.19428497552871704
v -0.15420033037662506 0.21648818254470825 -0.005639682058244944
v -0.24710984528064728 0.016528189182281494 -0.12312545627355576
v -0.14263206720352173 -0.14535364508628845 0.29636451601982117
v 0.08713487535715103 -0.3012402355670929 -0.16929295659065247
v -0.09550022333860397 0.028956161811947823 0.21683354675769806
v 0.06652568280696869 -0.024927794933319092 0.04768761247396469
v 0.045081112533807755 -0.28846099972724915 -0.055154308676719666
v -0.03363918140530586 -0.03882517293095589 -0.04316947981715202
v -0.25857478380203247 0.31985679268836975 0.35141903162002563
v -0.1173882782459259 0.06804217398166656 0.17929811775684357
v -0.22098560631275177 0.265391081571579 -0.02636069618165493
v -0.20487849414348602 -0.01657349430024624 0.09859925508499146
v -0.06872516870498657 0.08910387009382248 -0.026231229305267334
v 0.44907891750335693 0.07661107182502747 0.11073974519968033
v 0.1489129662513733 -0.18324069678783417 -0.07642070949077606
v 0.09166044741868973 -0.08243367075920105 0.2298106849193573
v -0.13630056381225586 0.13548097014427185 0.002352961339056492
v 0.05113328620791435 -0.1198381707072258 -0.0747838243842125
v 0.22697541117668152 -0.011581826023757458 0.15939971804618835
v 0.006089340895414352 -0.2351265549659729 0.08246634900569916
v -0.04721015691757202 0.04579097777605057 -0.10027763247489929
v -0.09227916598320007 0.2553942799568176 -0.026440834626555443
v -0.13849695026874542 -0.07070094347000122 0.1799696534872055
v -0.15362228453159332 -0.13871468603610992 -0.10021474212408066
v -0.15733744204044342 0.18081814050674438 -0.003425958566367626
v -0.05816445127129555 -0.045617375522851944 -0.04246019572019577
v 0.07086223363876343 0.1667425036430359 -0.15053777396678925
v -0.026009609922766685 -0.18362806737422943 -0.10288724303245544
v 0.08460794389247894 -0.2809317409992218 0.047493405640125275
v 0.022018348798155785 0.07880955189466476 0.08323077112436295
v -0.14442004263401031 0.2463318109512329 0.13670359551906586
v 0.0418802909553051 -0.18491365015506744 0.17898054420948029
v -0.18583130836486816 0.2174692302942276 0.29961827397346497
v 0.003284263424575329 -0.012659154832363129 -0.08235955238342285
v 0.16243420541286469 -0.15488074719905853 -0.15327368676662445
v -0.056774187833070755 0.15779903531074524 0.0472836010158062
v -0.03102099895477295 0.07909438759088516 0.09071964770555496
v 0.1729307770729065 -0.027314521372318268 0.09789210557937622
v 0.09854381531476974 -0.01630031131207943 -0.016086066141724586
v 0.024187801405787468 0.03070157580077648 -0.1405332088470459
v -0.035032618790864944 -0.03736443445086479 -0.09412121027708054
v -0.1279394030570984 0.09580066800117493 -0.033163998275995255
v -0.13379350304603577 -0.14104700088500977 0.052492737770080566
v -0.1462211161851883 -0.022914478555321693 -0.022355102002620697
v -0.261874258518219 0.2526693046092987 -0.0451066829264164
v -0.005059894174337387 -0.14632318913936615 0.11254769563674927
v -0.08206924796104431 -0.1043616309762001 -0.11824905872344971
v -0.2083369791507721 -0.08219527453184128 -0.13954630494117737
v -0.044924262911081314 -0.07026965171098709 -0.15588369965553284
v -0.27310824394226074 0.2330978363752365 -0.003243766725063324
v 0.07295524328947067 -0.13990189135074615 0.10241834819316864
v -0.14938920736312866 -0.08035748451948166 0.1384023278951645
v -0.05018264427781105 -0.18395791947841644 -0.1260753571987152
v 0.23541712760925293 -0.14480379223823547 -0.11626359075307846
v 0.17305591702461243 -0.018742984160780907 0.2095450609922409
v -0.02831944078207016 -0.22697533667087555 -0.11209218949079514
v -0.2097654491662979 0.15138816833496094 -0.04742175713181496
v 0.1120094284415245 0.009222066029906273 -0.04423130303621292
v 0.1685657501220703 -0.1827932447195053 -0.2636941969394684
v 0.003480789251625538 -0.05088962987065315 -0.07418359816074371
v 0.18276776373386383 0.07168455421924591 -0.07000085711479187
v 0.004089169204235077 0.0908527821302414 0.026717249304056168
v -0.05614800006151199 -0.11948930472135544 0.15552738308906555
v 0.061098698526620865 0.06140238791704178 -0.2416185438632965
v -0.34414541721343994 0.3085114061832428 -0.06801296025514603
v 0.11127498000860214 -0.03321396932005882 0.1765667200088501
v 0.14572854340076447 -0.0511009506881237 0.0716869905591011
v 0.2169855237007141 0.002510630525648594 0.19650042057037354
v 0.11726587265729904 -0.1107250303030014 -0.0323505736887455
v -0.16227668523788452 0.09035732597112656 -0.08251958340406418
v -0.21007040143013 -0.12377547472715378 -0.27089065313339233
v -0.12564538419246674 0.33485281467437744 0.1972063034772873
v 0.007865938358008862 0.05581606552004814 0.01183348335325718
v 0.05382629856467247 -0.03495937958359718 -0.14588923752307892
v 0.13439927995204926 0.2383004128932953 0.09727858752012253
v 0.08062049746513367 -0.18670935928821564 -0.1012822687625885
v -0.028057267889380455 -0.08981215208768845 -0.027766622602939606
v -0.1555010825395584 0.13475310802459717 0.18619532883167267
v -0.06935089081525803 0.075794517993927 -0.20735254883766174
v -0.1304122358560562 0.17390544712543488 -0.11523564159870148
v 0.1915113925933838 -0.1074942946434021 -0.014774968847632408
v -0.2021055370569229 0.10678648948669434 0.07762375473976135
v 0.09655775874853134 0.16261236369609833 0.26443952322006226
v -0.16580353677272797 0.00570322573184967 0.0558554083108902
v -0.23500952124595642 0.31156808137893677 0.1451069861650467
v -0.08308764547109604 0.09351988136768341 -0.02780301310122013
v -0.22015653550624847 0.10794500261545181 -0.06893400847911835
v -0.21100810170173645 0.13380342721939087 0.06337431073188782
v -0.06185740977525711 -0.040514033287763596 0.11036704480648041
v 0.2606571912765503 0.11694902926683426 -0.22704418003559113
v -0.1588713526725769 0.1667778044939041 -0.00993609894067049
v 0.23943227529525757 -0.21473176777362823 0.16104383766651154
v -0.1261546015739441 0.1400739550590515 -0.028583671897649765
v -0.021579386666417122 -0.056023452430963516 -0.02681160159409046
v 0.09180654585361481 -0.30445554852485657 0.09063848853111267
v 0.09466229379177094 0.15257366001605988 -0.05399560183286667
v 0.2803674340248108 -0.053939372301101685 0.1888256072998047
v -0.2338949590921402 -0.11198307573795319 -0.07720811665058136
v -0.04418360814452171 0.005395186599344015 0.20459021627902985
v -0.17065651714801788 -0.24133408069610596 -0.03847305476665497
v -0.1576455682516098 0.1479438841342926 -0.1628306657075882
v 0.05512481555342674 -0.15639899671077728 -0.0362563356757164
v -0.045982491225004196 -0.06223558634519577 0.07584470510482788
v -0.18780024349689484 -0.014072319492697716 -0.08117417991161346
v 0.062298163771629333 0.1149725392460823 -0.3318958580493927
v 0.010298673994839191 0.002526190597563982 -0.17489372193813324
v 0.07258567959070206 -0.030925128608942032 -0.045502010732889175
v 0.1451662927865982 -0.0018942205933853984 0.01738959178328514
v -0.20295433700084686 0.26105695962905884 -0.1007331982254982
v -0.052745137363672256 0.09926660358905792 -0.011301113292574883
v -0.19693207740783691 0.11612878739833832 0.07249137759208679
v -0.01116202026605606 -0.136858269572258 0.03351008892059326
v -0.36968737840652466 -0.33283379673957825 -0.07870853692293167
v -0.2151791900396347 0.2511671781539917 0.017714129760861397
v 0.14642582833766937 -0.17826737463474274 -0.09439102560281754
v -0.07156117260456085 0.1881093531847 -0.09111082553863525
v -0.06109635531902313 -0.11719045042991638 -0.10461651533842087
v -0.010841467417776585 -0.19001087546348572 -0.002813297789543867
v -0.1894197016954422 0.06936287134885788 -0.20040999352931976
v -0.1740429699420929 0.17195643484592438 -0.09375971555709839
v -0.15051989257335663 0.014919793233275414 0.09435790777206421
v -0.05761115625500679 -0.065093494951725 0.04029582440853119
v 0.07232367992401123 0.12195520102977753 -0.08610463887453079
v -0.3714529573917389 0.20304615795612335 0.0694718286395073
v -0.15635882318019867 -0.17746439576148987 0.1132129654288292
v 0.11987918615341187 -0.05698210000991821 -0.11775138974189758
v -0.06963900476694107 -0.11819803714752197 -0.015138142742216587
v -0.20138119161128998 0.37297630310058594 0.060125138610601425
v 0.012964489869773388 0.10072697699069977 0.08642842620611191
v -0.03831353038549423 0.23002149164676666 0.08286403864622116
v 0.24894975125789642 0.011342748068273067 -0.2253648340702057
v 0.07629969716072083 0.01728573627769947 0.2624863386154175
v -0.13321024179458618 -0.06465134769678116 0.24602678418159485
v -0.04917306452989578 -0.0028612385503947735 -0.02277263253927231
v -0.021150074899196625 0.12218654155731201 -0.003155084792524576
v 0.04293132945895195 -0.26026982069015503 -0.05837803706526756
v 0.03742488473653793 0.1006990447640419 0.15939120948314667
v 0.04394703358411789 -0.07337331771850586 -0.04027009382843971
v 0.06332466006278992 -0.0232292078435421 0.008791545405983925
v -0.17100702226161957 0.014728744514286518 -0.19104181230068207
v -0.0860934630036354 0.08427033573389053 0.5031314492225647
v 0.022777138277888298 -0.01452366728335619 -0.1064743623137474
v 0.045372072607278824 -0.0026678526774048805 -0.2162231206893921
v -0.0992705300450325 -0.037208810448646545 0.01763441599905491
v -0.0982697531580925 0.05755418539047241 -0.1399841010570526
v -0.13888873159885406 -0.035605646669864655 -0.06098073720932007
v -0.10766840726137161 0.15993180871009827 -0.17627252638339996
v 0.0014014067128300667 -0.05369047820568085 0.25917699933052063
v 0.12469653785228729 -0.011782859452068806 -0.007496362552046776
v -0.2757887840270996 0.3511790335178375 0.10705401748418808
v -0.1079741045832634 -0.03555259853601456 0.15802903473377228
v -0.112223781645298 0.07710333168506622 -0.07797092199325562
v -0.06265871971845627 -0.07198172062635422 0.018452713266015053
v 0.1262425035238266 -0.1393340528011322 -0.191169872879982
v -0.07687634974718094 0.23259036242961884 0.04480060562491417
v 0.21001727879047394 -0.22316737473011017 -0.1478450745344162
v -0.0468248575925827 -0.04520653933286667 -0.18877077102661133
v -0.041705839335918427 -0.24646440148353577 -0.11058862507343292
v -0.09795310348272324 -0.2179795801639557 -0.19738386571407318
v -0.11590832471847534 0.031920112669467926 -0.008069615811109543
v 0.23514428734779358 -0.11070743948221207 -0.1403854787349701
v 0.10947557538747787 0.0684485137462616 -0.23226800560951233
v 0.12554945051670074 -0.10307890921831131 -0.012243207544088364
v -0.04005732759833336 -0.07446247339248657 -0.2449786216020584
v -0.11633569002151489 0.12112332880496979 0.048357438296079636
v -0.15903212130069733 0.19844713807106018 0.2145971953868866
v -0.07291477918624878 0.13912267982959747 0.03866666182875633
v -0.05321996659040451 -0.09385353326797485 0.013109097257256508
v -0.05664703622460365 -0.06862497329711914 0.006878090091049671
v -0.10673981159925461 0.08426353335380554 -0.010039202868938446
v -0.1297469437122345 -0.07778867334127426 -0.05122014507651329
v -0.07514158636331558 -0.21404050290584564 -0.0835830569267273
v 0.08063249289989471 -0.19479402899742126 -0.26677486300468445
v -0.21786904335021973 -0.05804603546857834 0.013751374557614326
v 0.0622112937271595 -0.21936756372451782 -0.014707661233842373
v 0.03125450015068054 0.2075621485710144 0.0557154044508934
v -0.22257234156131744 0.14462706446647644 0.08805835247039795
v 0.20095016062259674 -0.21465511620044708 0.027357691898941994
v -0.004358707927167416 -0.09288340061903 -0.14427076280117035
v 0.0076282452791929245 -0.0519225038588047 -0.062174879014492035
v -0.1163402795791626 0.2040008306503296 -0.08950863778591156
v -0.21705758571624756 0.11661101877689362 -0.09183606505393982
v 0.3642708659172058 -0.11737214773893356 0.267194926738739
v -0.13464847207069397 0.26979362964630127 -0.24827054142951965
v 0.0011584463063627481 0.14549489319324493 -0.08510104566812515
v -0.10489743202924728 -0.14097003638744354 -0.013686196878552437
v -0.11391761153936386 -0.09258508682250977 -0.002440798794850707
v 0.1283910870552063 0.005993563681840897 0.05263897776603699
v 0.05268285423517227 -0.08972398191690445 -0.03808877617120743
v 0.06134241446852684 -0.3279239535331726 -0.10449618846178055
v -0.21278069913387299 0.09644542634487152 0.11975863575935364
v 0.11744243651628494 0.053281206637620926 0.02589060179889202
v 0.06983350962400436 -0.12967316806316376 -0.1541745364665985
v -0.13949665427207947 0.042304158210754395 -0.010835593566298485
v -0.06764654815196991 0.003245718078687787 0.13408710062503815
v 0.013423246331512928 -0.19286155700683594 -0.08210863173007965
v 0.0866112932562828 -0.24289296567440033 -0.19529041647911072
v 0.1833197921514511 -0.19406554102897644 -0.1761873960494995
v -0.11630876362323761 0.17817750573158264 -0.21131744980812073
v -0.08082322776317596 -0.17347534000873566 0.04467666894197464
v -0.05507349222898483 0.07488714158535004 -0.11681480705738068
v -0.10012011975049973 0.11397337168455124 0.04973288252949715
v -0.14255547523498535 0.24530914425849915 0.05136493220925331
v -0.15255042910575867 0.2911752760410309 0.16578839719295502
v -0.19861650466918945 -0.03417256101965904 0.045716479420661926
v 0.17992179095745087 0.029751986265182495 -0.1800403892993927
v -0.1033676266670227 -0.017404042184352875 -0.09398221224546432
v -0.07024265080690384 0.007009829860180616 -0.13596326112747192
v 0.12046542763710022 -0.13614238798618317 -0.14972026646137238
v 0.10043048858642578 -0.06664393842220306 0.05061996355652809
v -0.25758451223373413 -0.03790753334760666 0.09709271788597107
v -0.05069029703736305 0.1440393477678299 0.007622478995472193
v 0.1495107263326645 -0.2587468922138214 0.26312559843063354
v -0.18039385974407196 0.20960815250873566 -0.18348924815654755
v -0.10122129321098328 0.14743655920028687 -0.21579954028129578
v 0.12927912175655365 0.25581634044647217 0.07502982020378113
v -0.18537048995494843 0.08080558478832245 -0.05163123831152916
v -0.19243992865085602 0.14503927528858185 -0.2017802596092224
v -0.07843589037656784 0.5956603288650513 0.07609133422374725
v -0.13589045405387878 0.1572539359331131 -0.18864960968494415
v -0.0745435282588005 -0.33006417751312256 -0.17251893877983093
v -0.029451994225382805 -0.05556139722466469 -0.12979452311992645
v -0.04226770997047424 0.05731399729847908 0.12847650051116943
v -0.11249757558107376 -0.43556031584739685 0.2567356526851654
v -0.15035878121852875 0.0005254774005152285 0.15181314945220947
v -0.14679035544395447 0.0127564100548625 -0.23756879568099976
v 0.013167035765945911 -0.36056217551231384 -0.006151733919978142
v -0.07623747736215591 -0.015819692984223366 0.018461836501955986
v 0.12120364606380463 -0.3147527873516083 0.26997900009155273
v 0.03258620202541351 -0.3872602880001068 0.16758273541927338
v 0.05901171639561653 -0.1335853636264801 -0.04003971815109253
v -0.4207388758659363 -0.40586400032043457 -0.1072741374373436
v 0.05024297162890434 -0.06799212098121643 -0.03912205621600151
v -0.06246526911854744 0.08955536037683487 -0.07069002091884613
v -0.10775656253099442 0.11694492399692535 0.15428778529167175
v -0.05623098835349083 -0.2372121512889862 0.24440675973892212
v -0.025470349937677383 0.003032711101695895 -0.0833272710442543
v -0.1405455321073532 -0.039017193019390106 0.07193630188703537
v -0.026154929772019386 -0.0038095195777714252 -0.1263679414987564
v 0.2907780706882477 -0.024303331971168518 -0.09204446524381638
v -0.09368432313203812 0.1750338077545166 -0.286410927772522
v -0.20276346802711487 0.0059029459953308105 -0.18028634786605835
v -0.028585471212863922 -0.10835953801870346 -0.24850472807884216
v -0.05415593832731247 -0.058916203677654266 -0.1356278508901596
v -0.21377478539943695 -0.00277359108440578 0.2319924682378769
v 0.05108821019530296 0.14045603573322296 -0.16645021736621857
v -0.21017897129058838 0.05473243072628975 -0.03237875923514366
v -0.12868249416351318 0.060532692819833755 0.13754187524318695
v -0.008569530211389065 -0.01667131669819355 0.005637403577566147
v 0.03385694697499275 -0.14072051644325256 -0.14985151588916779
v -0.07757199555635452 0.10132972151041031 -0.03630031645298004
v -0.05796060711145401 -0.1260668933391571 0.3185000419616699
v -0.06221982091665268 -0.05894855037331581 -0.2620016932487488
v -0.006192738190293312 0.07737622410058975 -0.11591039597988129
v -0.16287505626678467 -0.08344945311546326 -0.0691596195101738
v -0.09861856698989868 -0.1201910749077797 -0.08153291046619415
v -0.1649477332830429 -0.02687772549688816 -0.011197172105312347
v -0.17797254025936127 0.17239786684513092 -0.1846509426832199
v -0.3672063946723938 -0.2206675410270691 0.10838063061237335
v 0.07742531597614288 -0.011712965555489063 -0.05788906663656235
v -0.03772054240107536 -0.027902785688638687 0.00043863613973371685
v -0.06497970223426819 -0.07339175790548325 0.1688804179430008
v 0.029454708099365234 -0.1929164081811905 -0.1370878517627716
v -0.12090075016021729 0.14242757856845856 0.09615723043680191
v 0.036086443811655045 -0.054109178483486176 -0.35093289613723755
v -0.0813404992222786 0.12259087711572647 0.014888230711221695
v 0.15473322570323944 -0.20074744522571564 -0.17500099539756775
v -0.015580634586513042 0.16041633486747742 0.04843256622552872
v -0.06297163665294647 0.04468107223510742 0.26002237200737
v 0.0176806952804327 -0.08062110096216202 -0.1026197299361229
v -0.13943225145339966 0.02840539999306202 -0.11821382492780685
v -0.014086240902543068 -0.13897353410720825 0.11570347845554352
v 0.31772100925445557 -0.04484326392412186 -0.04035922884941101
v -0.09135852754116058 -0.05142107605934143 0.0018010103376582265
v -0.1360727846622467 0.04734630882740021 -0.06359397619962692
v -0.17346467077732086 0.15778738260269165 -0.07053714245557785
v -0.05102360248565674 -0.016692331060767174 -0.03633783012628555
v -0.09276892989873886 0.14588987827301025 -0.18629290163516998
v -0.08363200724124908 -0.12318987399339676 -0.17980343103408813
v 0.008668214082717896 0.014787654392421246 0.11755764484405518
v -0.020618291571736336 -0.12047326564788818 -0.06547633558511734
v -0.062417950481176376 0.016753556206822395 0.07432577759027481
v 0.039276786148548126 -0.029271353036165237 -0.09083440899848938
v -0.165455162525177 0.3697071373462677 -0.07935991138219833
v 0.003808115143328905 -0.11063962429761887 -0.026473844423890114
v -0.14204299449920654 0.029593950137495995 0.059687357395887375
v 0.010230515152215958 0.0802089124917984 0.06875976175069809
v -0.2918127775192261 0.3280736207962036 -0.023563886061310768
v -0.03547666594386101 0.16558435559272766 0.060392554849386215
v -0.06840260326862335 -0.05263685807585716 0.01421087421476841
v -0.2770870625972748 0.2886946201324463 -0.027812359854578972
v 0.10024061053991318 -0.05760711058974266 -0.2566324472427368
v -0.13378137350082397 0.22225938737392426 0.024992134422063828
v -0.17282870411872864 0.013524886220693588 -0.05794230476021767
v -0.16995255649089813 0.018770059570670128 -0.019471652805805206
v -0.2771725654602051 0.435421884059906 0.1035756841301918
v -0.06594523042440414 -0.06992988288402557 -0.06840599328279495
v -0.06443388015031815 -0.26464954018592834 -0.012688525021076202
v -0.020909251645207405 0.027562936767935753 0.047904469072818756
v 0.16408582031726837 -0.2834702730178833 -0.08553430438041687
v -0.08868146687746048 -0.009193180128932 -0.16029931604862213
v -0.0897306501865387 -0.2868659198284149 -0.07909803092479706
v -0.06206925958395004 0.11299709230661392 -0.014593643136322498
v -0.1568467617034912 0.26348650455474854 -0.041905518621206284
v -0.08439261466264725 -0.09829720109701157 -0.28499752283096313
v -0.01344786025583744 0.07203380763530731 -0.11979760974645615
v -0.19925427436828613 -0.019124750047922134 -0.06525886058807373
v 0.24925389885902405 -0.10927309840917587 -0.0276271253824234
v -0.09790797531604767 -0.0417168028652668 0.005847241263836622
v -0.20805905759334564 0.09573531895875931 -0.018519185483455658
v -0.09589138627052307 -0.1865522563457489 -0.046726908534765244
v -0.09595964848995209 -0.21960364282131195 -0.1499476134777069
v -0.09849099069833755 -0.05089585483074188 -0.10222028940916061
v 0.02185750938951969 -0.09197016805410385 -0.1399877965450287
v 0.0409056656062603 0.062073104083538055 0.046668246388435364
v -0.19957005977630615 0.2855009436607361 -0.020034929737448692
v 0.03060121461749077 -0.1063249483704567 0.09827248752117157
v 0.05648462101817131 -0.1210864782333374 -0.06967975944280624
v -0.198542058467865 0.10959415137767792 -0.16338606178760529
v 0.04474600777029991 0.004185208585113287 0.1861836314201355
v -0.09079022705554962 0.06956931948661804 -0.09494730830192566
v 0.27227982878685 -0.17196455597877502 0.09024213254451752
v -0.05051720142364502 0.03002365306019783 0.028576873242855072
v 0.16143153607845306 -0.2364020049571991 0.016199661418795586
v -0.07105041295289993 0.26432719826698303 0.31477057933807373
v -0.025843586772680283 0.021608706563711166 0.1541433185338974
v 0.0812060534954071 -0.020862100645899773 -0.10262548923492432
v -0.14786654710769653 0.12857729196548462 0.22081267833709717
v -0.2687261700630188 -0.11953624337911606 -0.2959616780281067
v 0.10043235123157501 -0.06109585613012314 -0.05090273916721344
v 0.1354760080575943 0.06705460697412491 -0.06543901562690735
v -0.15871135890483856 -0.05533063784241676 0.012926957570016384
v -0.08011163771152496 -0.03264227509498596 0.09978725761175156
v -0.07902946323156357 -0.06749962270259857 0.17944900691509247
v -0.21215157210826874 -0.08927148580551147 -0.15875376760959625
v -0.24911852180957794 -0.05679021775722504 -0.3858378827571869
v 0.1376023143529892 0.004988345317542553 -0.0379580520093441
v -0.04126463830471039 -0.11276428401470184 -0.105293869972229
v 0.15393728017807007 -0.04625648632645607 -0.022452156990766525
v -0.10351276397705078 0.03744248300790787 0.08212897926568985
